Round,RaceId,RaceName,Driver,RoundPoints,CumulativePoints
1,1,Australian Grand Prix,Alexander Albon,0.0,0.0
2,2,Chinese Grand Prix,Alexander Albon,0.0,0.0
3,3,Japanese Grand Prix,Alexander Albon,0.0,0.0
4,4,Miami Grand Prix,Alexander Albon,1.0,1.0
5,5,Canadian Grand Prix,Alexander Albon,0.0,1.0
6,6,Monaco Grand Prix,Alexander Albon,4.0,5.0
7,7,Barcelona Grand Prix,Alexander Albon,0.0,5.0
8,8,Austrian Grand Prix,Alexander Albon,0.0,5.0
9,9,British Grand Prix,Alexander Albon,0.0,5.0
10,10,Belgian Grand Prix,Alexander Albon,0.0,5.0
11,11,Hungarian Grand Prix,Alexander Albon,0.0,5.0
12,12,Dutch Grand Prix,Alexander Albon,0.0,5.0
13,13,Italian Grand Prix,Alexander Albon,0.0,5.0
14,14,Spanish Grand Prix,Alexander Albon,0.0,5.0
1,1,Australian Grand Prix,Arvid Lindblad,4.0,4.0
2,2,Chinese Grand Prix,Arvid Lindblad,0.0,4.0
3,3,Japanese Grand Prix,Arvid Lindblad,0.0,4.0
4,4,Miami Grand Prix,Arvid Lindblad,0.0,4.0
5,5,Canadian Grand Prix,Arvid Lindblad,0.0,4.0
6,6,Monaco Grand Prix,Arvid Lindblad,6.0,10.0
7,7,Barcelona Grand Prix,Arvid Lindblad,1.0,11.0
8,8,Austrian Grand Prix,Arvid Lindblad,1.0,12.0
9,9,British Grand Prix,Arvid Lindblad,6.0,18.0
10,10,Belgian Grand Prix,Arvid Lindblad,2.0,20.0
11,11,Hungarian Grand Prix,Arvid Lindblad,1.0,21.0
12,12,Dutch Grand Prix,Arvid Lindblad,0.0,21.0
13,13,Italian Grand Prix,Arvid Lindblad,4.0,25.0
14,14,Spanish Grand Prix,Arvid Lindblad,2.0,27.0
1,1,Australian Grand Prix,Carlos Sainz,0.0,0.0
2,2,Chinese Grand Prix,Carlos Sainz,2.0,2.0
3,3,Japanese Grand Prix,Carlos Sainz,0.0,2.0
4,4,Miami Grand Prix,Carlos Sainz,2.0,4.0
5,5,Canadian Grand Prix,Carlos Sainz,2.0,6.0
6,6,Monaco Grand Prix,Carlos Sainz,0.0,6.0
7,7,Barcelona Grand Prix,Carlos Sainz,0.0,6.0
8,8,Austrian Grand Prix,Carlos Sainz,0.0,6.0
9,9,British Grand Prix,Carlos Sainz,0.0,6.0
10,10,Belgian Grand Prix,Carlos Sainz,0.0,6.0
11,11,Hungarian Grand Prix,Carlos Sainz,0.0,6.0
12,12,Dutch Grand Prix,Carlos Sainz,0.0,6.0
13,13,Italian Grand Prix,Carlos Sainz,0.0,6.0
14,14,Spanish Grand Prix,Carlos Sainz,0.0,6.0
1,1,Australian Grand Prix,Charles Leclerc,15.0,15.0
2,2,Chinese Grand Prix,Charles Leclerc,12.0,27.0
3,3,Japanese Grand Prix,Charles Leclerc,15.0,42.0
4,4,Miami Grand Prix,Charles Leclerc,8.0,50.0
5,5,Canadian Grand Prix,Charles Leclerc,12.0,62.0
6,6,Monaco Grand Prix,Charles Leclerc,0.0,62.0
7,7,Barcelona Grand Prix,Charles Leclerc,0.0,62.0
8,8,Austrian Grand Prix,Charles Leclerc,4.0,66.0
9,9,British Grand Prix,Charles Leclerc,25.0,91.0
10,10,Belgian Grand Prix,Charles Leclerc,18.0,109.0
11,11,Hungarian Grand Prix,Charles Leclerc,10.0,119.0
12,12,Dutch Grand Prix,Charles Leclerc,10.0,129.0
13,13,Italian Grand Prix,Charles Leclerc,0.0,129.0
14,14,Spanish Grand Prix,Charles Leclerc,12.0,141.0
1,1,Australian Grand Prix,Esteban Ocon,0.0,0.0
2,2,Chinese Grand Prix,Esteban Ocon,0.0,0.0
3,3,Japanese Grand Prix,Esteban Ocon,1.0,1.0
4,4,Miami Grand Prix,Esteban Ocon,0.0,1.0
5,5,Canadian Grand Prix,Esteban Ocon,0.0,1.0
6,6,Monaco Grand Prix,Esteban Ocon,1.0,2.0
7,7,Barcelona Grand Prix,Esteban Ocon,0.0,2.0
8,8,Austrian Grand Prix,Esteban Ocon,0.0,2.0
9,9,British Grand Prix,Esteban Ocon,0.0,2.0
10,10,Belgian Grand Prix,Esteban Ocon,0.0,2.0
11,11,Hungarian Grand Prix,Esteban Ocon,0.0,2.0
12,12,Dutch Grand Prix,Esteban Ocon,0.0,2.0
13,13,Italian Grand Prix,Esteban Ocon,0.0,2.0
14,14,Spanish Grand Prix,Esteban Ocon,0.0,2.0
1,1,Australian Grand Prix,Fernando Alonso,0.0,0.0
2,2,Chinese Grand Prix,Fernando Alonso,0.0,0.0
3,3,Japanese Grand Prix,Fernando Alonso,0.0,0.0
4,4,Miami Grand Prix,Fernando Alonso,0.0,0.0
5,5,Canadian Grand Prix,Fernando Alonso,0.0,0.0
6,6,Monaco Grand Prix,Fernando Alonso,0.0,0.0
7,7,Barcelona Grand Prix,Fernando Alonso,0.0,0.0
8,8,Austrian Grand Prix,Fernando Alonso,0.0,0.0
9,9,British Grand Prix,Fernando Alonso,0.0,0.0
10,10,Belgian Grand Prix,Fernando Alonso,0.0,0.0
11,11,Hungarian Grand Prix,Fernando Alonso,0.0,0.0
12,12,Dutch Grand Prix,Fernando Alonso,2.0,2.0
13,13,Italian Grand Prix,Fernando Alonso,0.0,2.0
14,14,Spanish Grand Prix,Fernando Alonso,0.0,2.0
1,1,Australian Grand Prix,Franco Colapinto,0.0,0.0
2,2,Chinese Grand Prix,Franco Colapinto,1.0,1.0
3,3,Japanese Grand Prix,Franco Colapinto,0.0,1.0
4,4,Miami Grand Prix,Franco Colapinto,4.0,5.0
5,5,Canadian Grand Prix,Franco Colapinto,8.0,13.0
6,6,Monaco Grand Prix,Franco Colapinto,0.0,13.0
7,7,Barcelona Grand Prix,Franco Colapinto,4.0,17.0
8,8,Austrian Grand Prix,Franco Colapinto,0.0,17.0
9,9,British Grand Prix,Franco Colapinto,1.0,18.0
10,10,Belgian Grand Prix,Franco Colapinto,1.0,19.0
11,11,Hungarian Grand Prix,Franco Colapinto,0.0,19.0
12,12,Dutch Grand Prix,Franco Colapinto,0.0,19.0
13,13,Italian Grand Prix,Franco Colapinto,2.0,21.0
14,14,Spanish Grand Prix,Franco Colapinto,6.0,27.0
1,1,Australian Grand Prix,Gabriel Bortoleto,2.0,2.0
2,2,Chinese Grand Prix,Gabriel Bortoleto,0.0,2.0
3,3,Japanese Grand Prix,Gabriel Bortoleto,0.0,2.0
4,4,Miami Grand Prix,Gabriel Bortoleto,0.0,2.0
5,5,Canadian Grand Prix,Gabriel Bortoleto,0.0,2.0
6,6,Monaco Grand Prix,Gabriel Bortoleto,0.0,2.0
7,7,Barcelona Grand Prix,Gabriel Bortoleto,0.0,2.0
8,8,Austrian Grand Prix,Gabriel Bortoleto,0.0,2.0
9,9,British Grand Prix,Gabriel Bortoleto,4.0,6.0
10,10,Belgian Grand Prix,Gabriel Bortoleto,4.0,10.0
11,11,Hungarian Grand Prix,Gabriel Bortoleto,0.0,10.0
12,12,Dutch Grand Prix,Gabriel Bortoleto,0.0,10.0
13,13,Italian Grand Prix,Gabriel Bortoleto,0.0,10.0
14,14,Spanish Grand Prix,Gabriel Bortoleto,0.0,10.0
1,1,Australian Grand Prix,George Russell,25.0,25.0
2,2,Chinese Grand Prix,George Russell,18.0,43.0
3,3,Japanese Grand Prix,George Russell,12.0,55.0
4,4,Miami Grand Prix,George Russell,12.0,67.0
5,5,Canadian Grand Prix,George Russell,0.0,67.0
6,6,Monaco Grand Prix,George Russell,0.0,67.0
7,7,Barcelona Grand Prix,George Russell,18.0,85.0
8,8,Austrian Grand Prix,George Russell,25.0,110.0
9,9,British Grand Prix,George Russell,18.0,128.0
10,10,Belgian Grand Prix,George Russell,0.0,128.0
11,11,Hungarian Grand Prix,George Russell,6.0,134.0
12,12,Dutch Grand Prix,George Russell,15.0,149.0
13,13,Italian Grand Prix,George Russell,18.0,167.0
14,14,Spanish Grand Prix,George Russell,10.0,177.0
1,1,Australian Grand Prix,Isack Hadjar,0.0,0.0
2,2,Chinese Grand Prix,Isack Hadjar,4.0,4.0
3,3,Japanese Grand Prix,Isack Hadjar,0.0,4.0
4,4,Miami Grand Prix,Isack Hadjar,0.0,4.0
5,5,Canadian Grand Prix,Isack Hadjar,10.0,14.0
6,6,Monaco Grand Prix,Isack Hadjar,12.0,26.0
7,7,Barcelona Grand Prix,Isack Hadjar,8.0,34.0
8,8,Austrian Grand Prix,Isack Hadjar,8.0,42.0
9,9,British Grand Prix,Isack Hadjar,10.0,52.0
10,10,Belgian Grand Prix,Isack Hadjar,8.0,60.0
11,11,Hungarian Grand Prix,Isack Hadjar,8.0,68.0
12,12,Dutch Grand Prix,Isack Hadjar,0.0,68.0
13,13,Italian Grand Prix,Isack Hadjar,0.0,68.0
14,14,Spanish Grand Prix,Isack Hadjar,0.0,68.0
1,1,Australian Grand Prix,Kimi Antonelli,18.0,18.0
2,2,Chinese Grand Prix,Kimi Antonelli,25.0,43.0
3,3,Japanese Grand Prix,Kimi Antonelli,25.0,68.0
4,4,Miami Grand Prix,Kimi Antonelli,25.0,93.0
5,5,Canadian Grand Prix,Kimi Antonelli,25.0,118.0
6,6,Monaco Grand Prix,Kimi Antonelli,25.0,143.0
7,7,Barcelona Grand Prix,Kimi Antonelli,0.0,143.0
8,8,Austrian Grand Prix,Kimi Antonelli,15.0,158.0
9,9,British Grand Prix,Kimi Antonelli,2.0,160.0
10,10,Belgian Grand Prix,Kimi Antonelli,25.0,185.0
11,11,Hungarian Grand Prix,Kimi Antonelli,15.0,200.0
12,12,Dutch Grand Prix,Kimi Antonelli,18.0,218.0
13,13,Italian Grand Prix,Kimi Antonelli,25.0,243.0
14,14,Spanish Grand Prix,Kimi Antonelli,25.0,268.0
1,1,Australian Grand Prix,Lance Stroll,0.0,0.0
2,2,Chinese Grand Prix,Lance Stroll,0.0,0.0
3,3,Japanese Grand Prix,Lance Stroll,0.0,0.0
4,4,Miami Grand Prix,Lance Stroll,0.0,0.0
5,5,Canadian Grand Prix,Lance Stroll,0.0,0.0
6,6,Monaco Grand Prix,Lance Stroll,0.0,0.0
7,7,Barcelona Grand Prix,Lance Stroll,0.0,0.0
8,8,Austrian Grand Prix,Lance Stroll,0.0,0.0
9,9,British Grand Prix,Lance Stroll,0.0,0.0
10,10,Belgian Grand Prix,Lance Stroll,0.0,0.0
11,11,Hungarian Grand Prix,Lance Stroll,0.0,0.0
12,12,Dutch Grand Prix,Lance Stroll,0.0,0.0
13,13,Italian Grand Prix,Lance Stroll,0.0,0.0
14,14,Spanish Grand Prix,Lance Stroll,0.0,0.0
1,1,Australian Grand Prix,Lando Norris,10.0,10.0
2,2,Chinese Grand Prix,Lando Norris,0.0,10.0
3,3,Japanese Grand Prix,Lando Norris,10.0,20.0
4,4,Miami Grand Prix,Lando Norris,18.0,38.0
5,5,Canadian Grand Prix,Lando Norris,0.0,38.0
6,6,Monaco Grand Prix,Lando Norris,0.0,38.0
7,7,Barcelona Grand Prix,Lando Norris,15.0,53.0
8,8,Austrian Grand Prix,Lando Norris,6.0,59.0
9,9,British Grand Prix,Lando Norris,12.0,71.0
10,10,Belgian Grand Prix,Lando Norris,6.0,77.0
11,11,Hungarian Grand Prix,Lando Norris,25.0,102.0
12,12,Dutch Grand Prix,Lando Norris,25.0,127.0
13,13,Italian Grand Prix,Lando Norris,12.0,139.0
14,14,Spanish Grand Prix,Lando Norris,15.0,154.0
1,1,Australian Grand Prix,Lewis Hamilton,12.0,12.0
2,2,Chinese Grand Prix,Lewis Hamilton,15.0,27.0
3,3,Japanese Grand Prix,Lewis Hamilton,8.0,35.0
4,4,Miami Grand Prix,Lewis Hamilton,6.0,41.0
5,5,Canadian Grand Prix,Lewis Hamilton,18.0,59.0
6,6,Monaco Grand Prix,Lewis Hamilton,18.0,77.0
7,7,Barcelona Grand Prix,Lewis Hamilton,25.0,102.0
8,8,Austrian Grand Prix,Lewis Hamilton,10.0,112.0
9,9,British Grand Prix,Lewis Hamilton,15.0,127.0
10,10,Belgian Grand Prix,Lewis Hamilton,12.0,139.0
11,11,Hungarian Grand Prix,Lewis Hamilton,12.0,151.0
12,12,Dutch Grand Prix,Lewis Hamilton,12.0,163.0
13,13,Italian Grand Prix,Lewis Hamilton,8.0,171.0
14,14,Spanish Grand Prix,Lewis Hamilton,0.0,171.0
1,1,Australian Grand Prix,Liam Lawson,0.0,0.0
2,2,Chinese Grand Prix,Liam Lawson,6.0,6.0
3,3,Japanese Grand Prix,Liam Lawson,2.0,8.0
4,4,Miami Grand Prix,Liam Lawson,0.0,8.0
5,5,Canadian Grand Prix,Liam Lawson,6.0,14.0
6,6,Monaco Grand Prix,Liam Lawson,8.0,22.0
7,7,Barcelona Grand Prix,Liam Lawson,2.0,24.0
8,8,Austrian Grand Prix,Liam Lawson,2.0,26.0
9,9,British Grand Prix,Liam Lawson,8.0,34.0
10,10,Belgian Grand Prix,Liam Lawson,0.0,34.0
11,11,Hungarian Grand Prix,Liam Lawson,4.0,38.0
12,12,Dutch Grand Prix,Liam Lawson,6.0,44.0
13,13,Italian Grand Prix,Liam Lawson,0.0,44.0
14,14,Spanish Grand Prix,Liam Lawson,8.0,52.0
1,1,Australian Grand Prix,Max Verstappen,8.0,8.0
2,2,Chinese Grand Prix,Max Verstappen,0.0,8.0
3,3,Japanese Grand Prix,Max Verstappen,4.0,12.0
4,4,Miami Grand Prix,Max Verstappen,10.0,22.0
5,5,Canadian Grand Prix,Max Verstappen,15.0,37.0
6,6,Monaco Grand Prix,Max Verstappen,0.0,37.0
7,7,Barcelona Grand Prix,Max Verstappen,12.0,49.0
8,8,Austrian Grand Prix,Max Verstappen,18.0,67.0
9,9,British Grand Prix,Max Verstappen,0.0,67.0
10,10,Belgian Grand Prix,Max Verstappen,15.0,82.0
11,11,Hungarian Grand Prix,Max Verstappen,18.0,100.0
12,12,Dutch Grand Prix,Max Verstappen,0.0,100.0
13,13,Italian Grand Prix,Max Verstappen,15.0,115.0
14,14,Spanish Grand Prix,Max Verstappen,18.0,133.0
1,1,Australian Grand Prix,Nico Hulkenberg,0.0,0.0
2,2,Chinese Grand Prix,Nico Hulkenberg,0.0,0.0
3,3,Japanese Grand Prix,Nico Hulkenberg,0.0,0.0
4,4,Miami Grand Prix,Nico Hulkenberg,0.0,0.0
5,5,Canadian Grand Prix,Nico Hulkenberg,0.0,0.0
6,6,Monaco Grand Prix,Nico Hulkenberg,2.0,2.0
7,7,Barcelona Grand Prix,Nico Hulkenberg,0.0,2.0
8,8,Austrian Grand Prix,Nico Hulkenberg,0.0,2.0
9,9,British Grand Prix,Nico Hulkenberg,0.0,2.0
10,10,Belgian Grand Prix,Nico Hulkenberg,0.0,2.0
11,11,Hungarian Grand Prix,Nico Hulkenberg,2.0,4.0
12,12,Dutch Grand Prix,Nico Hulkenberg,4.0,8.0
13,13,Italian Grand Prix,Nico Hulkenberg,0.0,8.0
14,14,Spanish Grand Prix,Nico Hulkenberg,1.0,9.0
1,1,Australian Grand Prix,Oliver Bearman,6.0,6.0
2,2,Chinese Grand Prix,Oliver Bearman,10.0,16.0
3,3,Japanese Grand Prix,Oliver Bearman,0.0,16.0
4,4,Miami Grand Prix,Oliver Bearman,0.0,16.0
5,5,Canadian Grand Prix,Oliver Bearman,1.0,17.0
6,6,Monaco Grand Prix,Oliver Bearman,0.0,17.0
7,7,Barcelona Grand Prix,Oliver Bearman,0.0,17.0
8,8,Austrian Grand Prix,Oliver Bearman,0.0,17.0
9,9,British Grand Prix,Oliver Bearman,0.0,17.0
10,10,Belgian Grand Prix,Oliver Bearman,0.0,17.0
11,11,Hungarian Grand Prix,Oliver Bearman,0.0,17.0
12,12,Dutch Grand Prix,Oliver Bearman,0.0,17.0
13,13,Italian Grand Prix,Oliver Bearman,0.0,17.0
14,14,Spanish Grand Prix,Oliver Bearman,0.0,17.0
1,1,Australian Grand Prix,Oscar Piastri,0.0,0.0
2,2,Chinese Grand Prix,Oscar Piastri,0.0,0.0
3,3,Japanese Grand Prix,Oscar Piastri,18.0,18.0
4,4,Miami Grand Prix,Oscar Piastri,15.0,33.0
5,5,Canadian Grand Prix,Oscar Piastri,0.0,33.0
6,6,Monaco Grand Prix,Oscar Piastri,10.0,43.0
7,7,Barcelona Grand Prix,Oscar Piastri,10.0,53.0
8,8,Austrian Grand Prix,Oscar Piastri,12.0,65.0
9,9,British Grand Prix,Oscar Piastri,0.0,65.0
10,10,Belgian Grand Prix,Oscar Piastri,10.0,75.0
11,11,Hungarian Grand Prix,Oscar Piastri,0.0,75.0
12,12,Dutch Grand Prix,Oscar Piastri,8.0,83.0
13,13,Italian Grand Prix,Oscar Piastri,10.0,93.0
14,14,Spanish Grand Prix,Oscar Piastri,4.0,97.0
1,1,Australian Grand Prix,Pierre Gasly,1.0,1.0
2,2,Chinese Grand Prix,Pierre Gasly,8.0,9.0
3,3,Japanese Grand Prix,Pierre Gasly,6.0,15.0
4,4,Miami Grand Prix,Pierre Gasly,0.0,15.0
5,5,Canadian Grand Prix,Pierre Gasly,4.0,19.0
6,6,Monaco Grand Prix,Pierre Gasly,15.0,34.0
7,7,Barcelona Grand Prix,Pierre Gasly,6.0,40.0
8,8,Austrian Grand Prix,Pierre Gasly,0.0,40.0
9,9,British Grand Prix,Pierre Gasly,0.0,40.0
10,10,Belgian Grand Prix,Pierre Gasly,0.0,40.0
11,11,Hungarian Grand Prix,Pierre Gasly,0.0,40.0
12,12,Dutch Grand Prix,Pierre Gasly,1.0,41.0
13,13,Italian Grand Prix,Pierre Gasly,6.0,47.0
14,14,Spanish Grand Prix,Pierre Gasly,0.0,47.0
1,1,Australian Grand Prix,Sergio Perez,0.0,0.0
2,2,Chinese Grand Prix,Sergio Perez,0.0,0.0
3,3,Japanese Grand Prix,Sergio Perez,0.0,0.0
4,4,Miami Grand Prix,Sergio Perez,0.0,0.0
5,5,Canadian Grand Prix,Sergio Perez,0.0,0.0
6,6,Monaco Grand Prix,Sergio Perez,0.0,0.0
7,7,Barcelona Grand Prix,Sergio Perez,0.0,0.0
8,8,Austrian Grand Prix,Sergio Perez,0.0,0.0
9,9,British Grand Prix,Sergio Perez,0.0,0.0
10,10,Belgian Grand Prix,Sergio Perez,0.0,0.0
11,11,Hungarian Grand Prix,Sergio Perez,0.0,0.0
12,12,Dutch Grand Prix,Sergio Perez,0.0,0.0
13,13,Italian Grand Prix,Sergio Perez,0.0,0.0
14,14,Spanish Grand Prix,Sergio Perez,0.0,0.0
1,1,Australian Grand Prix,Valtteri Bottas,0.0,0.0
2,2,Chinese Grand Prix,Valtteri Bottas,0.0,0.0
3,3,Japanese Grand Prix,Valtteri Bottas,0.0,0.0
4,4,Miami Grand Prix,Valtteri Bottas,0.0,0.0
5,5,Canadian Grand Prix,Valtteri Bottas,0.0,0.0
6,6,Monaco Grand Prix,Valtteri Bottas,0.0,0.0
7,7,Barcelona Grand Prix,Valtteri Bottas,0.0,0.0
8,8,Austrian Grand Prix,Valtteri Bottas,0.0,0.0
9,9,British Grand Prix,Valtteri Bottas,0.0,0.0
10,10,Belgian Grand Prix,Valtteri Bottas,0.0,0.0
11,11,Hungarian Grand Prix,Valtteri Bottas,0.0,0.0
12,12,Dutch Grand Prix,Valtteri Bottas,0.0,0.0
13,13,Italian Grand Prix,Valtteri Bottas,0.0,0.0
14,14,Spanish Grand Prix,Valtteri Bottas,0.0,0.0
12,12,Dutch Grand Prix,Yuki Tsunoda,0.0,0.0
13,13,Italian Grand Prix,Yuki Tsunoda,1.0,1.0
14,14,Spanish Grand Prix,Yuki Tsunoda,0.0,1.0
