DriverNumber,BroadcastName,Abbreviation,DriverId,TeamName,TeamColor,TeamId,FirstName,LastName,FullName,HeadshotUrl,CountryCode,Position,ClassifiedPosition,GridPosition,Q1,Q2,Q3,Time,Status,Points,Laps,RoundNumber,EventName
63,G RUSSELL,RUS,russell,Mercedes,00D7B6,mercedes,George,Russell,George Russell,https://media.formula1.com/d_driver_fallback_image.png/content/dam/fom-website/drivers/G/GEORUS01_George_Russell/georus01.png.transform/1col/image.png,,1.0,,,0 days 00:01:19.507000,0 days 00:01:18.934000,0 days 00:01:18.518000,,,,,1,Australian Grand Prix
12,K ANTONELLI,ANT,antonelli,Mercedes,00D7B6,mercedes,Kimi,Antonelli,Kimi Antonelli,https://media.formula1.com/d_driver_fallback_image.png/content/dam/fom-website/drivers/K/ANDANT01_Kimi_Antonelli/andant01.png.transform/1col/image.png,,2.0,,,0 days 00:01:20.120000,0 days 00:01:19.435000,0 days 00:01:18.811000,,,,,1,Australian Grand Prix
6,I HADJAR,HAD,hadjar,Red Bull Racing,4781D7,red_bull,Isack,Hadjar,Isack Hadjar,https://media.formula1.com/d_driver_fallback_image.png/content/dam/fom-website/drivers/I/ISAHAD01_Isack_Hadjar/isahad01.png.transform/1col/image.png,,3.0,,,0 days 00:01:20.023000,0 days 00:01:19.653000,0 days 00:01:19.303000,,,,,1,Australian Grand Prix
16,C LECLERC,LEC,leclerc,Ferrari,ED1131,ferrari,Charles,Leclerc,Charles Leclerc,https://media.formula1.com/d_driver_fallback_image.png/content/dam/fom-website/drivers/C/CHALEC01_Charles_Leclerc/chalec01.png.transform/1col/image.png,,4.0,,,0 days 00:01:20.226000,0 days 00:01:19.357000,0 days 00:01:19.327000,,,,,1,Australian Grand Prix
81,O PIASTRI,PIA,piastri,McLaren,F47600,mclaren,Oscar,Piastri,Oscar Piastri,https://media.formula1.com/d_driver_fallback_image.png/content/dam/fom-website/drivers/O/OSCPIA01_Oscar_Piastri/oscpia01.png.transform/1col/image.png,,5.0,,,0 days 00:01:19.664000,0 days 00:01:19.525000,0 days 00:01:19.380000,,,,,1,Australian Grand Prix
1,L NORRIS,NOR,norris,McLaren,F47600,mclaren,Lando,Norris,Lando Norris,https://media.formula1.com/d_driver_fallback_image.png/content/dam/fom-website/drivers/L/LANNOR01_Lando_Norris/lannor01.png.transform/1col/image.png,,6.0,,,0 days 00:01:20.010000,0 days 00:01:19.882000,0 days 00:01:19.475000,,,,,1,Australian Grand Prix
44,L HAMILTON,HAM,hamilton,Ferrari,ED1131,ferrari,Lewis,Hamilton,Lewis Hamilton,https://media.formula1.com/d_driver_fallback_image.png/content/dam/fom-website/drivers/L/LEWHAM01_Lewis_Hamilton/lewham01.png.transform/1col/image.png,,7.0,,,0 days 00:01:19.811000,0 days 00:01:19.921000,0 days 00:01:19.478000,,,,,1,Australian Grand Prix
30,L LAWSON,LAW,lawson,Racing Bulls,6C98FF,rb,Liam,Lawson,Liam Lawson,https://media.formula1.com/d_driver_fallback_image.png/content/dam/fom-website/drivers/L/LIALAW01_Liam_Lawson/lialaw01.png.transform/1col/image.png,,8.0,,,0 days 00:01:20.491000,0 days 00:01:20.144000,0 days 00:01:19.994000,,,,,1,Australian Grand Prix
41,A LINDBLAD,LIN,arvid_lindblad,Racing Bulls,6C98FF,rb,Arvid,Lindblad,Arvid Lindblad,https://media.formula1.com/d_driver_fallback_image.png/content/dam/fom-website/drivers/A/ARVLIN01_Arvid_Lindblad/arvlin01.png.transform/1col/image.png,,9.0,,,0 days 00:01:20.409000,0 days 00:01:19.971000,0 days 00:01:21.247000,,,,,1,Australian Grand Prix
5,G BORTOLETO,BOR,bortoleto,Audi,F50537,audi,Gabriel,Bortoleto,Gabriel Bortoleto,https://media.formula1.com/d_driver_fallback_image.png/content/dam/fom-website/drivers/G/GABBOR01_Gabriel_Bortoleto/gabbor01.png.transform/1col/image.png,,10.0,,,0 days 00:01:20.495000,0 days 00:01:20.221000,,,,,,1,Australian Grand Prix
27,N HULKENBERG,HUL,hulkenberg,Audi,F50537,audi,Nico,Hulkenberg,Nico Hulkenberg,https://media.formula1.com/d_driver_fallback_image.png/content/dam/fom-website/drivers/N/NICHUL01_Nico_Hulkenberg/nichul01.png.transform/1col/image.png,,11.0,,,0 days 00:01:21.024000,0 days 00:01:20.303000,,,,,,1,Australian Grand Prix
87,O BEARMAN,BEA,bearman,Haas F1 Team,9C9FA2,haas,Oliver,Bearman,Oliver Bearman,https://media.formula1.com/d_driver_fallback_image.png/content/dam/fom-website/drivers/O/OLIBEA01_Oliver_Bearman/olibea01.png.transform/1col/image.png,,12.0,,,0 days 00:01:21.247000,0 days 00:01:20.311000,,,,,,1,Australian Grand Prix
31,E OCON,OCO,ocon,Haas F1 Team,9C9FA2,haas,Esteban,Ocon,Esteban Ocon,https://media.formula1.com/d_driver_fallback_image.png/content/dam/fom-website/drivers/E/ESTOCO01_Esteban_Ocon/estoco01.png.transform/1col/image.png,,13.0,,,0 days 00:01:20.759000,0 days 00:01:20.491000,,,,,,1,Australian Grand Prix
10,P GASLY,GAS,gasly,Alpine,00A1E8,alpine,Pierre,Gasly,Pierre Gasly,https://media.formula1.com/d_driver_fallback_image.png/content/dam/fom-website/drivers/P/PIEGAS01_Pierre_Gasly/piegas01.png.transform/1col/image.png,,14.0,,,0 days 00:01:21.138000,0 days 00:01:20.501000,,,,,,1,Australian Grand Prix
23,A ALBON,ALB,albon,Williams,1868DB,williams,Alexander,Albon,Alexander Albon,https://media.formula1.com/d_driver_fallback_image.png/content/dam/fom-website/drivers/A/ALEALB01_Alexander_Albon/alealb01.png.transform/1col/image.png,,15.0,,,0 days 00:01:21.051000,0 days 00:01:20.941000,,,,,,1,Australian Grand Prix
43,F COLAPINTO,COL,colapinto,Alpine,00A1E8,alpine,Franco,Colapinto,Franco Colapinto,https://media.formula1.com/d_driver_fallback_image.png/content/dam/fom-website/drivers/F/FRACOL01_Franco_Colapinto/fracol01.png.transform/1col/image.png,,16.0,,,0 days 00:01:21.200000,0 days 00:01:21.270000,,,,,,1,Australian Grand Prix
14,F ALONSO,ALO,alonso,Aston Martin,229971,aston_martin,Fernando,Alonso,Fernando Alonso,https://media.formula1.com/d_driver_fallback_image.png/content/dam/fom-website/drivers/F/FERALO01_Fernando_Alonso/feralo01.png.transform/1col/image.png,,17.0,,,0 days 00:01:21.969000,,,,,,,1,Australian Grand Prix
11,S PEREZ,PER,perez,Cadillac,909090,cadillac,Sergio,Perez,Sergio Perez,https://media.formula1.com/d_driver_fallback_image.png/content/dam/fom-website/drivers/S/SERPER01_Sergio_Perez/serper01.png.transform/1col/image.png,,18.0,,,0 days 00:01:22.605000,,,,,,,1,Australian Grand Prix
77,V BOTTAS,BOT,bottas,Cadillac,909090,cadillac,Valtteri,Bottas,Valtteri Bottas,https://media.formula1.com/d_driver_fallback_image.png/content/dam/fom-website/drivers/V/VALBOT01_Valtteri_Bottas/valbot01.png.transform/1col/image.png,,19.0,,,0 days 00:01:23.244000,,,,,,,1,Australian Grand Prix
18,L STROLL,STR,nan,Aston Martin,229971,nan,Lance,Stroll,Lance Stroll,https://media.formula1.com/d_driver_fallback_image.png/content/dam/fom-website/drivers/L/LANSTR01_Lance_Stroll/lanstr01.png.transform/1col/image.png,,,,,,,,,,,,1,Australian Grand Prix
3,M VERSTAPPEN,VER,nan,Red Bull Racing,4781D7,nan,Max,Verstappen,Max Verstappen,https://media.formula1.com/d_driver_fallback_image.png/content/dam/fom-website/drivers/M/MAXVER01_Max_Verstappen/maxver01.png.transform/1col/image.png,,,,,,,,,,,,1,Australian Grand Prix
55,C SAINZ,SAI,nan,Williams,1868DB,nan,Carlos,Sainz,Carlos Sainz,https://media.formula1.com/d_driver_fallback_image.png/content/dam/fom-website/drivers/C/CARSAI01_Carlos_Sainz/carsai01.png.transform/1col/image.png,,,,,,,,,,,,1,Australian Grand Prix
12,K ANTONELLI,ANT,antonelli,Mercedes,00D7B6,mercedes,Kimi,Antonelli,Kimi Antonelli,https://media.formula1.com/d_driver_fallback_image.png/content/dam/fom-website/drivers/K/ANDANT01_Kimi_Antonelli/andant01.png.transform/1col/image.png,,1.0,,,0 days 00:01:33.305000,0 days 00:01:32.443000,0 days 00:01:32.064000,,,,,2,Chinese Grand Prix
63,G RUSSELL,RUS,russell,Mercedes,00D7B6,mercedes,George,Russell,George Russell,https://media.formula1.com/d_driver_fallback_image.png/content/dam/fom-website/drivers/G/GEORUS01_George_Russell/georus01.png.transform/1col/image.png,,2.0,,,0 days 00:01:33.262000,0 days 00:01:32.523000,0 days 00:01:32.286000,,,,,2,Chinese Grand Prix
44,L HAMILTON,HAM,hamilton,Ferrari,ED1131,ferrari,Lewis,Hamilton,Lewis Hamilton,https://media.formula1.com/d_driver_fallback_image.png/content/dam/fom-website/drivers/L/LEWHAM01_Lewis_Hamilton/lewham01.png.transform/1col/image.png,,3.0,,,0 days 00:01:33.522000,0 days 00:01:32.567000,0 days 00:01:32.415000,,,,,2,Chinese Grand Prix
16,C LECLERC,LEC,leclerc,Ferrari,ED1131,ferrari,Charles,Leclerc,Charles Leclerc,https://media.formula1.com/d_driver_fallback_image.png/content/dam/fom-website/drivers/C/CHALEC01_Charles_Leclerc/chalec01.png.transform/1col/image.png,,4.0,,,0 days 00:01:33.175000,0 days 00:01:32.486000,0 days 00:01:32.428000,,,,,2,Chinese Grand Prix
81,O PIASTRI,PIA,piastri,McLaren,F47600,mclaren,Oscar,Piastri,Oscar Piastri,https://media.formula1.com/d_driver_fallback_image.png/content/dam/fom-website/drivers/O/OSCPIA01_Oscar_Piastri/oscpia01.png.transform/1col/image.png,,5.0,,,0 days 00:01:33.590000,0 days 00:01:33.130000,0 days 00:01:32.550000,,,,,2,Chinese Grand Prix
1,L NORRIS,NOR,norris,McLaren,F47600,mclaren,Lando,Norris,Lando Norris,https://media.formula1.com/d_driver_fallback_image.png/content/dam/fom-website/drivers/L/LANNOR01_Lando_Norris/lannor01.png.transform/1col/image.png,,6.0,,,0 days 00:01:33.535000,0 days 00:01:32.910000,0 days 00:01:32.608000,,,,,2,Chinese Grand Prix
10,P GASLY,GAS,gasly,Alpine,00A1E8,alpine,Pierre,Gasly,Pierre Gasly,https://media.formula1.com/d_driver_fallback_image.png/content/dam/fom-website/drivers/P/PIEGAS01_Pierre_Gasly/piegas01.png.transform/1col/image.png,,7.0,,,0 days 00:01:33.788000,0 days 00:01:33.003000,0 days 00:01:32.873000,,,,,2,Chinese Grand Prix
3,M VERSTAPPEN,VER,max_verstappen,Red Bull Racing,4781D7,red_bull,Max,Verstappen,Max Verstappen,https://media.formula1.com/d_driver_fallback_image.png/content/dam/fom-website/drivers/M/MAXVER01_Max_Verstappen/maxver01.png.transform/1col/image.png,,8.0,,,0 days 00:01:33.417000,0 days 00:01:33.098000,0 days 00:01:33.002000,,,,,2,Chinese Grand Prix
6,I HADJAR,HAD,hadjar,Red Bull Racing,4781D7,red_bull,Isack,Hadjar,Isack Hadjar,https://media.formula1.com/d_driver_fallback_image.png/content/dam/fom-website/drivers/I/ISAHAD01_Isack_Hadjar/isahad01.png.transform/1col/image.png,,9.0,,,0 days 00:01:33.632000,0 days 00:01:33.352000,0 days 00:01:33.121000,,,,,2,Chinese Grand Prix
87,O BEARMAN,BEA,bearman,Haas F1 Team,9C9FA2,haas,Oliver,Bearman,Oliver Bearman,https://media.formula1.com/d_driver_fallback_image.png/content/dam/fom-website/drivers/O/OLIBEA01_Oliver_Bearman/olibea01.png.transform/1col/image.png,,10.0,,,0 days 00:01:33.687000,0 days 00:01:33.197000,0 days 00:01:33.292000,,,,,2,Chinese Grand Prix
27,N HULKENBERG,HUL,hulkenberg,Audi,F50537,audi,Nico,Hulkenberg,Nico Hulkenberg,https://media.formula1.com/d_driver_fallback_image.png/content/dam/fom-website/drivers/N/NICHUL01_Nico_Hulkenberg/nichul01.png.transform/1col/image.png,,11.0,,,0 days 00:01:34.116000,0 days 00:01:33.354000,,,,,,2,Chinese Grand Prix
43,F COLAPINTO,COL,colapinto,Alpine,00A1E8,alpine,Franco,Colapinto,Franco Colapinto,https://media.formula1.com/d_driver_fallback_image.png/content/dam/fom-website/drivers/F/FRACOL01_Franco_Colapinto/fracol01.png.transform/1col/image.png,,12.0,,,0 days 00:01:33.634000,0 days 00:01:33.357000,,,,,,2,Chinese Grand Prix
31,E OCON,OCO,ocon,Haas F1 Team,9C9FA2,haas,Esteban,Ocon,Esteban Ocon,https://media.formula1.com/d_driver_fallback_image.png/content/dam/fom-website/drivers/E/ESTOCO01_Esteban_Ocon/estoco01.png.transform/1col/image.png,,13.0,,,0 days 00:01:33.974000,0 days 00:01:33.538000,,,,,,2,Chinese Grand Prix
30,L LAWSON,LAW,lawson,Racing Bulls,6C98FF,rb,Liam,Lawson,Liam Lawson,https://media.formula1.com/d_driver_fallback_image.png/content/dam/fom-website/drivers/L/LIALAW01_Liam_Lawson/lialaw01.png.transform/1col/image.png,,14.0,,,0 days 00:01:34.139000,0 days 00:01:33.765000,,,,,,2,Chinese Grand Prix
41,A LINDBLAD,LIN,arvid_lindblad,Racing Bulls,6C98FF,rb,Arvid,Lindblad,Arvid Lindblad,https://media.formula1.com/d_driver_fallback_image.png/content/dam/fom-website/drivers/A/ARVLIN01_Arvid_Lindblad/arvlin01.png.transform/1col/image.png,,15.0,,,0 days 00:01:33.906000,0 days 00:01:33.784000,,,,,,2,Chinese Grand Prix
5,G BORTOLETO,BOR,bortoleto,Audi,F50537,audi,Gabriel,Bortoleto,Gabriel Bortoleto,https://media.formula1.com/d_driver_fallback_image.png/content/dam/fom-website/drivers/G/GABBOR01_Gabriel_Bortoleto/gabbor01.png.transform/1col/image.png,,16.0,,,0 days 00:01:33.549000,0 days 00:01:33.965000,,,,,,2,Chinese Grand Prix
55,C SAINZ,SAI,sainz,Williams,1868DB,williams,Carlos,Sainz,Carlos Sainz,https://media.formula1.com/d_driver_fallback_image.png/content/dam/fom-website/drivers/C/CARSAI01_Carlos_Sainz/carsai01.png.transform/1col/image.png,,17.0,,,0 days 00:01:34.317000,,,,,,,2,Chinese Grand Prix
23,A ALBON,ALB,albon,Williams,1868DB,williams,Alexander,Albon,Alexander Albon,https://media.formula1.com/d_driver_fallback_image.png/content/dam/fom-website/drivers/A/ALEALB01_Alexander_Albon/alealb01.png.transform/1col/image.png,,18.0,,,0 days 00:01:34.772000,,,,,,,2,Chinese Grand Prix
14,F ALONSO,ALO,alonso,Aston Martin,229971,aston_martin,Fernando,Alonso,Fernando Alonso,https://media.formula1.com/d_driver_fallback_image.png/content/dam/fom-website/drivers/F/FERALO01_Fernando_Alonso/feralo01.png.transform/1col/image.png,,19.0,,,0 days 00:01:35.203000,,,,,,,2,Chinese Grand Prix
77,V BOTTAS,BOT,bottas,Cadillac,909090,cadillac,Valtteri,Bottas,Valtteri Bottas,https://media.formula1.com/d_driver_fallback_image.png/content/dam/fom-website/drivers/V/VALBOT01_Valtteri_Bottas/valbot01.png.transform/1col/image.png,,20.0,,,0 days 00:01:35.436000,,,,,,,2,Chinese Grand Prix
18,L STROLL,STR,stroll,Aston Martin,229971,aston_martin,Lance,Stroll,Lance Stroll,https://media.formula1.com/d_driver_fallback_image.png/content/dam/fom-website/drivers/L/LANSTR01_Lance_Stroll/lanstr01.png.transform/1col/image.png,,21.0,,,0 days 00:01:35.995000,,,,,,,2,Chinese Grand Prix
11,S PEREZ,PER,perez,Cadillac,909090,cadillac,Sergio,Perez,Sergio Perez,https://media.formula1.com/d_driver_fallback_image.png/content/dam/fom-website/drivers/S/SERPER01_Sergio_Perez/serper01.png.transform/1col/image.png,,22.0,,,0 days 00:01:36.906000,,,,,,,2,Chinese Grand Prix
12,K ANTONELLI,ANT,antonelli,Mercedes,00D7B6,mercedes,Kimi,Antonelli,Kimi Antonelli,https://media.formula1.com/d_driver_fallback_image.png/content/dam/fom-website/drivers/K/ANDANT01_Kimi_Antonelli/andant01.png.transform/1col/image.png,,1.0,,,0 days 00:01:30.035000,0 days 00:01:29.048000,0 days 00:01:28.778000,,,,,3,Japanese Grand Prix
63,G RUSSELL,RUS,russell,Mercedes,00D7B6,mercedes,George,Russell,George Russell,https://media.formula1.com/d_driver_fallback_image.png/content/dam/fom-website/drivers/G/GEORUS01_George_Russell/georus01.png.transform/1col/image.png,,2.0,,,0 days 00:01:29.967000,0 days 00:01:29.686000,0 days 00:01:29.076000,,,,,3,Japanese Grand Prix
81,O PIASTRI,PIA,piastri,McLaren,F47600,mclaren,Oscar,Piastri,Oscar Piastri,https://media.formula1.com/d_driver_fallback_image.png/content/dam/fom-website/drivers/O/OSCPIA01_Oscar_Piastri/oscpia01.png.transform/1col/image.png,,3.0,,,0 days 00:01:30.200000,0 days 00:01:29.451000,0 days 00:01:29.132000,,,,,3,Japanese Grand Prix
16,C LECLERC,LEC,leclerc,Ferrari,ED1131,ferrari,Charles,Leclerc,Charles Leclerc,https://media.formula1.com/d_driver_fallback_image.png/content/dam/fom-website/drivers/C/CHALEC01_Charles_Leclerc/chalec01.png.transform/1col/image.png,,4.0,,,0 days 00:01:29.915000,0 days 00:01:29.303000,0 days 00:01:29.405000,,,,,3,Japanese Grand Prix
1,L NORRIS,NOR,norris,McLaren,F47600,mclaren,Lando,Norris,Lando Norris,https://media.formula1.com/d_driver_fallback_image.png/content/dam/fom-website/drivers/L/LANNOR01_Lando_Norris/lannor01.png.transform/1col/image.png,,5.0,,,0 days 00:01:30.401000,0 days 00:01:29.795000,0 days 00:01:29.409000,,,,,3,Japanese Grand Prix
44,L HAMILTON,HAM,hamilton,Ferrari,ED1131,ferrari,Lewis,Hamilton,Lewis Hamilton,https://media.formula1.com/d_driver_fallback_image.png/content/dam/fom-website/drivers/L/LEWHAM01_Lewis_Hamilton/lewham01.png.transform/1col/image.png,,6.0,,,0 days 00:01:30.309000,0 days 00:01:29.589000,0 days 00:01:29.567000,,,,,3,Japanese Grand Prix
10,P GASLY,GAS,gasly,Alpine,00A1E8,alpine,Pierre,Gasly,Pierre Gasly,https://media.formula1.com/d_driver_fallback_image.png/content/dam/fom-website/drivers/P/PIEGAS01_Pierre_Gasly/piegas01.png.transform/1col/image.png,,7.0,,,0 days 00:01:30.584000,0 days 00:01:29.874000,0 days 00:01:29.691000,,,,,3,Japanese Grand Prix
6,I HADJAR,HAD,hadjar,Red Bull Racing,4781D7,red_bull,Isack,Hadjar,Isack Hadjar,https://media.formula1.com/d_driver_fallback_image.png/content/dam/fom-website/drivers/I/ISAHAD01_Isack_Hadjar/isahad01.png.transform/1col/image.png,,8.0,,,0 days 00:01:30.662000,0 days 00:01:30.104000,0 days 00:01:29.978000,,,,,3,Japanese Grand Prix
5,G BORTOLETO,BOR,bortoleto,Audi,F50537,audi,Gabriel,Bortoleto,Gabriel Bortoleto,https://media.formula1.com/d_driver_fallback_image.png/content/dam/fom-website/drivers/G/GABBOR01_Gabriel_Bortoleto/gabbor01.png.transform/1col/image.png,,9.0,,,0 days 00:01:30.359000,0 days 00:01:29.990000,0 days 00:01:30.274000,,,,,3,Japanese Grand Prix
41,A LINDBLAD,LIN,arvid_lindblad,Racing Bulls,6C98FF,rb,Arvid,Lindblad,Arvid Lindblad,https://media.formula1.com/d_driver_fallback_image.png/content/dam/fom-website/drivers/A/ARVLIN01_Arvid_Lindblad/arvlin01.png.transform/1col/image.png,,10.0,,,0 days 00:01:30.781000,0 days 00:01:30.109000,0 days 00:01:30.319000,,,,,3,Japanese Grand Prix
3,M VERSTAPPEN,VER,max_verstappen,Red Bull Racing,4781D7,red_bull,Max,Verstappen,Max Verstappen,https://media.formula1.com/d_driver_fallback_image.png/content/dam/fom-website/drivers/M/MAXVER01_Max_Verstappen/maxver01.png.transform/1col/image.png,,11.0,,,0 days 00:01:30.519000,0 days 00:01:30.262000,,,,,,3,Japanese Grand Prix
31,E OCON,OCO,ocon,Haas F1 Team,9C9FA2,haas,Esteban,Ocon,Esteban Ocon,https://media.formula1.com/d_driver_fallback_image.png/content/dam/fom-website/drivers/E/ESTOCO01_Esteban_Ocon/estoco01.png.transform/1col/image.png,,12.0,,,0 days 00:01:30.915000,0 days 00:01:30.309000,,,,,,3,Japanese Grand Prix
27,N HULKENBERG,HUL,hulkenberg,Audi,F50537,audi,Nico,Hulkenberg,Nico Hulkenberg,https://media.formula1.com/d_driver_fallback_image.png/content/dam/fom-website/drivers/N/NICHUL01_Nico_Hulkenberg/nichul01.png.transform/1col/image.png,,13.0,,,0 days 00:01:30.358000,0 days 00:01:30.387000,,,,,,3,Japanese Grand Prix
30,L LAWSON,LAW,lawson,Racing Bulls,6C98FF,rb,Liam,Lawson,Liam Lawson,https://media.formula1.com/d_driver_fallback_image.png/content/dam/fom-website/drivers/L/LIALAW01_Liam_Lawson/lialaw01.png.transform/1col/image.png,,14.0,,,0 days 00:01:30.657000,0 days 00:01:30.495000,,,,,,3,Japanese Grand Prix
43,F COLAPINTO,COL,colapinto,Alpine,00A1E8,alpine,Franco,Colapinto,Franco Colapinto,https://media.formula1.com/d_driver_fallback_image.png/content/dam/fom-website/drivers/F/FRACOL01_Franco_Colapinto/fracol01.png.transform/1col/image.png,,15.0,,,0 days 00:01:30.931000,0 days 00:01:30.627000,,,,,,3,Japanese Grand Prix
55,C SAINZ,SAI,sainz,Williams,1868DB,williams,Carlos,Sainz,Carlos Sainz,https://media.formula1.com/d_driver_fallback_image.png/content/dam/fom-website/drivers/C/CARSAI01_Carlos_Sainz/carsai01.png.transform/1col/image.png,,16.0,,,0 days 00:01:30.927000,0 days 00:01:31.033000,,,,,,3,Japanese Grand Prix
23,A ALBON,ALB,albon,Williams,1868DB,williams,Alexander,Albon,Alexander Albon,https://media.formula1.com/d_driver_fallback_image.png/content/dam/fom-website/drivers/A/ALEALB01_Alexander_Albon/alealb01.png.transform/1col/image.png,,17.0,,,0 days 00:01:31.088000,,,,,,,3,Japanese Grand Prix
87,O BEARMAN,BEA,bearman,Haas F1 Team,9C9FA2,haas,Oliver,Bearman,Oliver Bearman,https://media.formula1.com/d_driver_fallback_image.png/content/dam/fom-website/drivers/O/OLIBEA01_Oliver_Bearman/olibea01.png.transform/1col/image.png,,18.0,,,0 days 00:01:31.090000,,,,,,,3,Japanese Grand Prix
11,S PEREZ,PER,perez,Cadillac,909090,cadillac,Sergio,Perez,Sergio Perez,https://media.formula1.com/d_driver_fallback_image.png/content/dam/fom-website/drivers/S/SERPER01_Sergio_Perez/serper01.png.transform/1col/image.png,,19.0,,,0 days 00:01:32.206000,,,,,,,3,Japanese Grand Prix
77,V BOTTAS,BOT,bottas,Cadillac,909090,cadillac,Valtteri,Bottas,Valtteri Bottas,https://media.formula1.com/d_driver_fallback_image.png/content/dam/fom-website/drivers/V/VALBOT01_Valtteri_Bottas/valbot01.png.transform/1col/image.png,,20.0,,,0 days 00:01:32.330000,,,,,,,3,Japanese Grand Prix
14,F ALONSO,ALO,alonso,Aston Martin,229971,aston_martin,Fernando,Alonso,Fernando Alonso,https://media.formula1.com/d_driver_fallback_image.png/content/dam/fom-website/drivers/F/FERALO01_Fernando_Alonso/feralo01.png.transform/1col/image.png,,21.0,,,0 days 00:01:32.646000,,,,,,,3,Japanese Grand Prix
18,L STROLL,STR,stroll,Aston Martin,229971,aston_martin,Lance,Stroll,Lance Stroll,https://media.formula1.com/d_driver_fallback_image.png/content/dam/fom-website/drivers/L/LANSTR01_Lance_Stroll/lanstr01.png.transform/1col/image.png,,22.0,,,0 days 00:01:32.920000,,,,,,,3,Japanese Grand Prix
12,K ANTONELLI,ANT,antonelli,Mercedes,00D7B6,mercedes,Kimi,Antonelli,Kimi Antonelli,https://media.formula1.com/d_driver_fallback_image.png/content/dam/fom-website/drivers/K/ANDANT01_Kimi_Antonelli/andant01.png.transform/1col/image.png,,1.0,,,0 days 00:01:28.653000,0 days 00:01:28.289000,0 days 00:01:27.798000,,,,,4,Miami Grand Prix
3,M VERSTAPPEN,VER,max_verstappen,Red Bull Racing,4781D7,red_bull,Max,Verstappen,Max Verstappen,https://media.formula1.com/d_driver_fallback_image.png/content/dam/fom-website/drivers/M/MAXVER01_Max_Verstappen/maxver01.png.transform/1col/image.png,,2.0,,,0 days 00:01:29.099000,0 days 00:01:28.116000,0 days 00:01:27.964000,,,,,4,Miami Grand Prix
16,C LECLERC,LEC,leclerc,Ferrari,ED1131,ferrari,Charles,Leclerc,Charles Leclerc,https://media.formula1.com/d_driver_fallback_image.png/content/dam/fom-website/drivers/C/CHALEC01_Charles_Leclerc/chalec01.png.transform/1col/image.png,,3.0,,,0 days 00:01:28.938000,0 days 00:01:28.315000,0 days 00:01:28.143000,,,,,4,Miami Grand Prix
1,L NORRIS,NOR,norris,McLaren,F47600,mclaren,Lando,Norris,Lando Norris,https://media.formula1.com/d_driver_fallback_image.png/content/dam/fom-website/drivers/L/LANNOR01_Lando_Norris/lannor01.png.transform/1col/image.png,,4.0,,,0 days 00:01:29.183000,0 days 00:01:28.920000,0 days 00:01:28.183000,,,,,4,Miami Grand Prix
63,G RUSSELL,RUS,russell,Mercedes,00D7B6,mercedes,George,Russell,George Russell,https://media.formula1.com/d_driver_fallback_image.png/content/dam/fom-website/drivers/G/GEORUS01_George_Russell/georus01.png.transform/1col/image.png,,5.0,,,0 days 00:01:29.492000,0 days 00:01:28.477000,0 days 00:01:28.197000,,,,,4,Miami Grand Prix
44,L HAMILTON,HAM,hamilton,Ferrari,ED1131,ferrari,Lewis,Hamilton,Lewis Hamilton,https://media.formula1.com/d_driver_fallback_image.png/content/dam/fom-website/drivers/L/LEWHAM01_Lewis_Hamilton/lewham01.png.transform/1col/image.png,,6.0,,,0 days 00:01:29.483000,0 days 00:01:28.477000,0 days 00:01:28.319000,,,,,4,Miami Grand Prix
81,O PIASTRI,PIA,piastri,McLaren,F47600,mclaren,Oscar,Piastri,Oscar Piastri,https://media.formula1.com/d_driver_fallback_image.png/content/dam/fom-website/drivers/O/OSCPIA01_Oscar_Piastri/oscpia01.png.transform/1col/image.png,,7.0,,,0 days 00:01:29.920000,0 days 00:01:28.332000,0 days 00:01:28.500000,,,,,4,Miami Grand Prix
43,F COLAPINTO,COL,colapinto,Alpine,00A1E8,alpine,Franco,Colapinto,Franco Colapinto,https://media.formula1.com/d_driver_fallback_image.png/content/dam/fom-website/drivers/F/FRACOL01_Franco_Colapinto/fracol01.png.transform/1col/image.png,,8.0,,,0 days 00:01:29.584000,0 days 00:01:28.975000,0 days 00:01:28.762000,,,,,4,Miami Grand Prix
10,P GASLY,GAS,gasly,Alpine,00A1E8,alpine,Pierre,Gasly,Pierre Gasly,https://media.formula1.com/d_driver_fallback_image.png/content/dam/fom-website/drivers/P/PIEGAS01_Pierre_Gasly/piegas01.png.transform/1col/image.png,,9.0,,,0 days 00:01:29.914000,0 days 00:01:29.070000,0 days 00:01:28.810000,,,,,4,Miami Grand Prix
27,N HULKENBERG,HUL,hulkenberg,Audi,F50537,audi,Nico,Hulkenberg,Nico Hulkenberg,https://media.formula1.com/d_driver_fallback_image.png/content/dam/fom-website/drivers/N/NICHUL01_Nico_Hulkenberg/nichul01.png.transform/1col/image.png,,10.0,,,0 days 00:01:29.645000,0 days 00:01:29.439000,,,,,,4,Miami Grand Prix
30,L LAWSON,LAW,lawson,Racing Bulls,6C98FF,rb,Liam,Lawson,Liam Lawson,https://media.formula1.com/d_driver_fallback_image.png/content/dam/fom-website/drivers/L/LIALAW01_Liam_Lawson/lialaw01.png.transform/1col/image.png,,11.0,,,0 days 00:01:29.595000,0 days 00:01:29.499000,,,,,,4,Miami Grand Prix
87,O BEARMAN,BEA,bearman,Haas F1 Team,9C9FA2,haas,Oliver,Bearman,Oliver Bearman,https://media.formula1.com/d_driver_fallback_image.png/content/dam/fom-website/drivers/O/OLIBEA01_Oliver_Bearman/olibea01.png.transform/1col/image.png,,12.0,,,0 days 00:01:29.340000,0 days 00:01:29.567000,,,,,,4,Miami Grand Prix
55,C SAINZ,SAI,sainz,Williams,1868DB,williams,Carlos,Sainz,Carlos Sainz,https://media.formula1.com/d_driver_fallback_image.png/content/dam/fom-website/drivers/C/CARSAI01_Carlos_Sainz/carsai01.png.transform/1col/image.png,,13.0,,,0 days 00:01:29.540000,0 days 00:01:29.568000,,,,,,4,Miami Grand Prix
31,E OCON,OCO,ocon,Haas F1 Team,9C9FA2,haas,Esteban,Ocon,Esteban Ocon,https://media.formula1.com/d_driver_fallback_image.png/content/dam/fom-website/drivers/E/ESTOCO01_Esteban_Ocon/estoco01.png.transform/1col/image.png,,14.0,,,0 days 00:01:29.838000,0 days 00:01:29.772000,,,,,,4,Miami Grand Prix
23,A ALBON,ALB,albon,Williams,1868DB,williams,Alexander,Albon,Alexander Albon,https://media.formula1.com/d_driver_fallback_image.png/content/dam/fom-website/drivers/A/ALEALB01_Alexander_Albon/alealb01.png.transform/1col/image.png,,15.0,,,0 days 00:01:29.720000,0 days 00:01:29.946000,,,,,,4,Miami Grand Prix
41,A LINDBLAD,LIN,arvid_lindblad,Racing Bulls,6C98FF,rb,Arvid,Lindblad,Arvid Lindblad,https://media.formula1.com/d_driver_fallback_image.png/content/dam/fom-website/drivers/A/ARVLIN01_Arvid_Lindblad/arvlin01.png.transform/1col/image.png,,16.0,,,0 days 00:01:30.133000,,,,,,,4,Miami Grand Prix
14,F ALONSO,ALO,alonso,Aston Martin,229971,aston_martin,Fernando,Alonso,Fernando Alonso,https://media.formula1.com/d_driver_fallback_image.png/content/dam/fom-website/drivers/F/FERALO01_Fernando_Alonso/feralo01.png.transform/1col/image.png,,17.0,,,0 days 00:01:31.098000,,,,,,,4,Miami Grand Prix
18,L STROLL,STR,stroll,Aston Martin,229971,aston_martin,Lance,Stroll,Lance Stroll,https://media.formula1.com/d_driver_fallback_image.png/content/dam/fom-website/drivers/L/LANSTR01_Lance_Stroll/lanstr01.png.transform/1col/image.png,,18.0,,,0 days 00:01:31.164000,,,,,,,4,Miami Grand Prix
77,V BOTTAS,BOT,bottas,Cadillac,909090,cadillac,Valtteri,Bottas,Valtteri Bottas,https://media.formula1.com/d_driver_fallback_image.png/content/dam/fom-website/drivers/V/VALBOT01_Valtteri_Bottas/valbot01.png.transform/1col/image.png,,19.0,,,0 days 00:01:31.629000,,,,,,,4,Miami Grand Prix
11,S PEREZ,PER,perez,Cadillac,909090,cadillac,Sergio,Perez,Sergio Perez,https://media.formula1.com/d_driver_fallback_image.png/content/dam/fom-website/drivers/S/SERPER01_Sergio_Perez/serper01.png.transform/1col/image.png,,20.0,,,0 days 00:01:31.967000,,,,,,,4,Miami Grand Prix
5,G BORTOLETO,BOR,bortoleto,Audi,F50537,audi,Gabriel,Bortoleto,Gabriel Bortoleto,https://media.formula1.com/d_driver_fallback_image.png/content/dam/fom-website/drivers/G/GABBOR01_Gabriel_Bortoleto/gabbor01.png.transform/1col/image.png,,21.0,,,0 days 00:01:33.737000,,,,,,,4,Miami Grand Prix
6,I HADJAR,HAD,hadjar,Red Bull Racing,4781D7,red_bull,Isack,Hadjar,Isack Hadjar,https://media.formula1.com/d_driver_fallback_image.png/content/dam/fom-website/drivers/I/ISAHAD01_Isack_Hadjar/isahad01.png.transform/1col/image.png,,22.0,,,,,,,,,,4,Miami Grand Prix
63,G RUSSELL,RUS,russell,Mercedes,00D7B6,mercedes,George,Russell,George Russell,https://media.formula1.com/d_driver_fallback_image.png/content/dam/fom-website/drivers/G/GEORUS01_George_Russell/georus01.png.transform/1col/image.png,,1.0,,,0 days 00:01:13.953000,0 days 00:01:13.079000,0 days 00:01:12.578000,,,,,5,Canadian Grand Prix
12,K ANTONELLI,ANT,antonelli,Mercedes,00D7B6,mercedes,Kimi,Antonelli,Kimi Antonelli,https://media.formula1.com/d_driver_fallback_image.png/content/dam/fom-website/drivers/K/ANDANT01_Kimi_Antonelli/andant01.png.transform/1col/image.png,,2.0,,,0 days 00:01:13.380000,0 days 00:01:13.076000,0 days 00:01:12.646000,,,,,5,Canadian Grand Prix
1,L NORRIS,NOR,norris,McLaren,F47600,mclaren,Lando,Norris,Lando Norris,https://media.formula1.com/d_driver_fallback_image.png/content/dam/fom-website/drivers/L/LANNOR01_Lando_Norris/lannor01.png.transform/1col/image.png,,3.0,,,0 days 00:01:13.503000,0 days 00:01:13.049000,0 days 00:01:12.729000,,,,,5,Canadian Grand Prix
81,O PIASTRI,PIA,piastri,McLaren,F47600,mclaren,Oscar,Piastri,Oscar Piastri,https://media.formula1.com/d_driver_fallback_image.png/content/dam/fom-website/drivers/O/OSCPIA01_Oscar_Piastri/oscpia01.png.transform/1col/image.png,,4.0,,,0 days 00:01:13.559000,0 days 00:01:13.285000,0 days 00:01:12.781000,,,,,5,Canadian Grand Prix
44,L HAMILTON,HAM,hamilton,Ferrari,ED1131,ferrari,Lewis,Hamilton,Lewis Hamilton,https://media.formula1.com/d_driver_fallback_image.png/content/dam/fom-website/drivers/L/LEWHAM01_Lewis_Hamilton/lewham01.png.transform/1col/image.png,,5.0,,,0 days 00:01:13.767000,0 days 00:01:13.041000,0 days 00:01:12.868000,,,,,5,Canadian Grand Prix
3,M VERSTAPPEN,VER,max_verstappen,Red Bull Racing,4781D7,red_bull,Max,Verstappen,Max Verstappen,https://media.formula1.com/d_driver_fallback_image.png/content/dam/fom-website/drivers/M/MAXVER01_Max_Verstappen/maxver01.png.transform/1col/image.png,,6.0,,,0 days 00:01:14.067000,0 days 00:01:13.479000,0 days 00:01:12.907000,,,,,5,Canadian Grand Prix
6,I HADJAR,HAD,hadjar,Red Bull Racing,4781D7,red_bull,Isack,Hadjar,Isack Hadjar,https://media.formula1.com/d_driver_fallback_image.png/content/dam/fom-website/drivers/I/ISAHAD01_Isack_Hadjar/isahad01.png.transform/1col/image.png,,7.0,,,0 days 00:01:13.654000,0 days 00:01:12.975000,0 days 00:01:12.935000,,,,,5,Canadian Grand Prix
16,C LECLERC,LEC,leclerc,Ferrari,ED1131,ferrari,Charles,Leclerc,Charles Leclerc,https://media.formula1.com/d_driver_fallback_image.png/content/dam/fom-website/drivers/C/CHALEC01_Charles_Leclerc/chalec01.png.transform/1col/image.png,,8.0,,,0 days 00:01:13.825000,0 days 00:01:13.496000,0 days 00:01:12.976000,,,,,5,Canadian Grand Prix
41,A LINDBLAD,LIN,arvid_lindblad,Racing Bulls,6C98FF,rb,Arvid,Lindblad,Arvid Lindblad,https://media.formula1.com/d_driver_fallback_image.png/content/dam/fom-website/drivers/A/ARVLIN01_Arvid_Lindblad/arvlin01.png.transform/1col/image.png,,9.0,,,0 days 00:01:13.895000,0 days 00:01:13.548000,0 days 00:01:13.280000,,,,,5,Canadian Grand Prix
43,F COLAPINTO,COL,colapinto,Alpine,00A1E8,alpine,Franco,Colapinto,Franco Colapinto,https://media.formula1.com/d_driver_fallback_image.png/content/dam/fom-website/drivers/F/FRACOL01_Franco_Colapinto/fracol01.png.transform/1col/image.png,,10.0,,,0 days 00:01:14.466000,0 days 00:01:13.857000,0 days 00:01:13.697000,,,,,5,Canadian Grand Prix
27,N HULKENBERG,HUL,hulkenberg,Audi,F50537,audi,Nico,Hulkenberg,Nico Hulkenberg,https://media.formula1.com/d_driver_fallback_image.png/content/dam/fom-website/drivers/N/NICHUL01_Nico_Hulkenberg/nichul01.png.transform/1col/image.png,,11.0,,,0 days 00:01:14.562000,0 days 00:01:13.886000,,,,,,5,Canadian Grand Prix
30,L LAWSON,LAW,lawson,Racing Bulls,6C98FF,rb,Liam,Lawson,Liam Lawson,https://media.formula1.com/d_driver_fallback_image.png/content/dam/fom-website/drivers/L/LIALAW01_Liam_Lawson/lialaw01.png.transform/1col/image.png,,12.0,,,0 days 00:01:14.346000,0 days 00:01:13.897000,,,,,,5,Canadian Grand Prix
5,G BORTOLETO,BOR,bortoleto,Audi,F50537,audi,Gabriel,Bortoleto,Gabriel Bortoleto,https://media.formula1.com/d_driver_fallback_image.png/content/dam/fom-website/drivers/G/GABBOR01_Gabriel_Bortoleto/gabbor01.png.transform/1col/image.png,,13.0,,,0 days 00:01:14.775000,0 days 00:01:14.071000,,,,,,5,Canadian Grand Prix
10,P GASLY,GAS,gasly,Alpine,00A1E8,alpine,Pierre,Gasly,Pierre Gasly,https://media.formula1.com/d_driver_fallback_image.png/content/dam/fom-website/drivers/P/PIEGAS01_Pierre_Gasly/piegas01.png.transform/1col/image.png,,14.0,,,0 days 00:01:14.698000,0 days 00:01:14.187000,,,,,,5,Canadian Grand Prix
55,C SAINZ,SAI,sainz,Williams,1868DB,williams,Carlos,Sainz,Carlos Sainz,https://media.formula1.com/d_driver_fallback_image.png/content/dam/fom-website/drivers/C/CARSAI01_Carlos_Sainz/carsai01.png.transform/1col/image.png,,15.0,,,0 days 00:01:14.276000,0 days 00:01:14.273000,,,,,,5,Canadian Grand Prix
87,O BEARMAN,BEA,bearman,Haas F1 Team,9C9FA2,haas,Oliver,Bearman,Oliver Bearman,https://media.formula1.com/d_driver_fallback_image.png/content/dam/fom-website/drivers/O/OLIBEA01_Oliver_Bearman/olibea01.png.transform/1col/image.png,,16.0,,,0 days 00:01:14.449000,0 days 00:01:14.416000,,,,,,5,Canadian Grand Prix
31,E OCON,OCO,ocon,Haas F1 Team,9C9FA2,haas,Esteban,Ocon,Esteban Ocon,https://media.formula1.com/d_driver_fallback_image.png/content/dam/fom-website/drivers/E/ESTOCO01_Esteban_Ocon/estoco01.png.transform/1col/image.png,,17.0,,,0 days 00:01:14.845000,,,,,,,5,Canadian Grand Prix
23,A ALBON,ALB,albon,Williams,1868DB,williams,Alexander,Albon,Alexander Albon,https://media.formula1.com/d_driver_fallback_image.png/content/dam/fom-website/drivers/A/ALEALB01_Alexander_Albon/alealb01.png.transform/1col/image.png,,18.0,,,0 days 00:01:14.851000,,,,,,,5,Canadian Grand Prix
14,F ALONSO,ALO,alonso,Aston Martin,229971,aston_martin,Fernando,Alonso,Fernando Alonso,https://media.formula1.com/d_driver_fallback_image.png/content/dam/fom-website/drivers/F/FERALO01_Fernando_Alonso/feralo01.png.transform/1col/image.png,,19.0,,,0 days 00:01:15.196000,,,,,,,5,Canadian Grand Prix
11,S PEREZ,PER,perez,Cadillac,909090,cadillac,Sergio,Perez,Sergio Perez,https://media.formula1.com/d_driver_fallback_image.png/content/dam/fom-website/drivers/S/SERPER01_Sergio_Perez/serper01.png.transform/1col/image.png,,20.0,,,0 days 00:01:15.429000,,,,,,,5,Canadian Grand Prix
18,L STROLL,STR,stroll,Aston Martin,229971,aston_martin,Lance,Stroll,Lance Stroll,https://media.formula1.com/d_driver_fallback_image.png/content/dam/fom-website/drivers/L/LANSTR01_Lance_Stroll/lanstr01.png.transform/1col/image.png,,21.0,,,0 days 00:01:16.195000,,,,,,,5,Canadian Grand Prix
77,V BOTTAS,BOT,bottas,Cadillac,909090,cadillac,Valtteri,Bottas,Valtteri Bottas,https://media.formula1.com/d_driver_fallback_image.png/content/dam/fom-website/drivers/V/VALBOT01_Valtteri_Bottas/valbot01.png.transform/1col/image.png,,22.0,,,0 days 00:01:16.272000,,,,,,,5,Canadian Grand Prix
12,K ANTONELLI,ANT,antonelli,Mercedes,00D7B6,mercedes,Kimi,Antonelli,Kimi Antonelli,https://media.formula1.com/d_driver_fallback_image.png/content/dam/fom-website/drivers/K/ANDANT01_Kimi_Antonelli/andant01.png.transform/1col/image.png,,1.0,,,0 days 00:01:13.599000,0 days 00:01:12.704000,0 days 00:01:12.051000,,,,,6,Monaco Grand Prix
3,M VERSTAPPEN,VER,max_verstappen,Red Bull Racing,4781D7,red_bull,Max,Verstappen,Max Verstappen,https://media.formula1.com/d_driver_fallback_image.png/content/dam/fom-website/drivers/M/MAXVER01_Max_Verstappen/maxver01.png.transform/1col/image.png,,2.0,,,0 days 00:01:13.490000,0 days 00:01:12.499000,0 days 00:01:12.094000,,,,,6,Monaco Grand Prix
44,L HAMILTON,HAM,hamilton,Ferrari,ED1131,ferrari,Lewis,Hamilton,Lewis Hamilton,https://media.formula1.com/d_driver_fallback_image.png/content/dam/fom-website/drivers/L/LEWHAM01_Lewis_Hamilton/lewham01.png.transform/1col/image.png,,3.0,,,0 days 00:01:13.777000,0 days 00:01:12.934000,0 days 00:01:12.279000,,,,,6,Monaco Grand Prix
16,C LECLERC,LEC,leclerc,Ferrari,ED1131,ferrari,Charles,Leclerc,Charles Leclerc,https://media.formula1.com/d_driver_fallback_image.png/content/dam/fom-website/drivers/C/CHALEC01_Charles_Leclerc/chalec01.png.transform/1col/image.png,,4.0,,,0 days 00:01:13.293000,0 days 00:01:12.774000,0 days 00:01:12.351000,,,,,6,Monaco Grand Prix
6,I HADJAR,HAD,hadjar,Red Bull Racing,4781D7,red_bull,Isack,Hadjar,Isack Hadjar,https://media.formula1.com/d_driver_fallback_image.png/content/dam/fom-website/drivers/I/ISAHAD01_Isack_Hadjar/isahad01.png.transform/1col/image.png,,5.0,,,0 days 00:01:14.408000,0 days 00:01:12.722000,0 days 00:01:12.434000,,,,,6,Monaco Grand Prix
63,G RUSSELL,RUS,russell,Mercedes,00D7B6,mercedes,George,Russell,George Russell,https://media.formula1.com/d_driver_fallback_image.png/content/dam/fom-website/drivers/G/GEORUS01_George_Russell/georus01.png.transform/1col/image.png,,6.0,,,0 days 00:01:14.214000,0 days 00:01:13.238000,0 days 00:01:12.445000,,,,,6,Monaco Grand Prix
81,O PIASTRI,PIA,piastri,McLaren,F47600,mclaren,Oscar,Piastri,Oscar Piastri,https://media.formula1.com/d_driver_fallback_image.png/content/dam/fom-website/drivers/O/OSCPIA01_Oscar_Piastri/oscpia01.png.transform/1col/image.png,,7.0,,,0 days 00:01:14.159000,0 days 00:01:12.983000,0 days 00:01:12.624000,,,,,6,Monaco Grand Prix
1,L NORRIS,NOR,norris,McLaren,F47600,mclaren,Lando,Norris,Lando Norris,https://media.formula1.com/d_driver_fallback_image.png/content/dam/fom-website/drivers/L/LANNOR01_Lando_Norris/lannor01.png.transform/1col/image.png,,8.0,,,0 days 00:01:13.630000,0 days 00:01:12.919000,0 days 00:01:12.765000,,,,,6,Monaco Grand Prix
10,P GASLY,GAS,gasly,Alpine,00A1E8,alpine,Pierre,Gasly,Pierre Gasly,https://media.formula1.com/d_driver_fallback_image.png/content/dam/fom-website/drivers/P/PIEGAS01_Pierre_Gasly/piegas01.png.transform/1col/image.png,,9.0,,,0 days 00:01:14.469000,0 days 00:01:13.762000,0 days 00:01:13.226000,,,,,6,Monaco Grand Prix
30,L LAWSON,LAW,lawson,Racing Bulls,6C98FF,rb,Liam,Lawson,Liam Lawson,https://media.formula1.com/d_driver_fallback_image.png/content/dam/fom-website/drivers/L/LIALAW01_Liam_Lawson/lialaw01.png.transform/1col/image.png,,10.0,,,0 days 00:01:14.498000,0 days 00:01:13.471000,0 days 00:01:13.412000,,,,,6,Monaco Grand Prix
23,A ALBON,ALB,albon,Williams,1868DB,williams,Alexander,Albon,Alexander Albon,https://media.formula1.com/d_driver_fallback_image.png/content/dam/fom-website/drivers/A/ALEALB01_Alexander_Albon/alealb01.png.transform/1col/image.png,,11.0,,,0 days 00:01:14.321000,0 days 00:01:13.787000,,,,,,6,Monaco Grand Prix
55,C SAINZ,SAI,sainz,Williams,1868DB,williams,Carlos,Sainz,Carlos Sainz,https://media.formula1.com/d_driver_fallback_image.png/content/dam/fom-website/drivers/C/CARSAI01_Carlos_Sainz/carsai01.png.transform/1col/image.png,,12.0,,,0 days 00:01:14.348000,0 days 00:01:13.815000,,,,,,6,Monaco Grand Prix
27,N HULKENBERG,HUL,hulkenberg,Audi,F50537,audi,Nico,Hulkenberg,Nico Hulkenberg,https://media.formula1.com/d_driver_fallback_image.png/content/dam/fom-website/drivers/N/NICHUL01_Nico_Hulkenberg/nichul01.png.transform/1col/image.png,,13.0,,,0 days 00:01:13.923000,0 days 00:01:13.902000,,,,,,6,Monaco Grand Prix
43,F COLAPINTO,COL,colapinto,Alpine,00A1E8,alpine,Franco,Colapinto,Franco Colapinto,https://media.formula1.com/d_driver_fallback_image.png/content/dam/fom-website/drivers/F/FRACOL01_Franco_Colapinto/fracol01.png.transform/1col/image.png,,14.0,,,0 days 00:01:14.573000,0 days 00:01:13.995000,,,,,,6,Monaco Grand Prix
41,A LINDBLAD,LIN,arvid_lindblad,Racing Bulls,6C98FF,rb,Arvid,Lindblad,Arvid Lindblad,https://media.formula1.com/d_driver_fallback_image.png/content/dam/fom-website/drivers/A/ARVLIN01_Arvid_Lindblad/arvlin01.png.transform/1col/image.png,,15.0,,,0 days 00:01:14.685000,0 days 00:01:14.248000,,,,,,6,Monaco Grand Prix
5,G BORTOLETO,BOR,bortoleto,Audi,F50537,audi,Gabriel,Bortoleto,Gabriel Bortoleto,https://media.formula1.com/d_driver_fallback_image.png/content/dam/fom-website/drivers/G/GABBOR01_Gabriel_Bortoleto/gabbor01.png.transform/1col/image.png,,16.0,,,0 days 00:01:14.683000,,,,,,,6,Monaco Grand Prix
31,E OCON,OCO,ocon,Haas F1 Team,9C9FA2,haas,Esteban,Ocon,Esteban Ocon,https://media.formula1.com/d_driver_fallback_image.png/content/dam/fom-website/drivers/E/ESTOCO01_Esteban_Ocon/estoco01.png.transform/1col/image.png,,17.0,,,0 days 00:01:14.722000,,,,,,,6,Monaco Grand Prix
11,S PEREZ,PER,perez,Cadillac,909090,cadillac,Sergio,Perez,Sergio Perez,https://media.formula1.com/d_driver_fallback_image.png/content/dam/fom-website/drivers/S/SERPER01_Sergio_Perez/serper01.png.transform/1col/image.png,,18.0,,,0 days 00:01:14.747000,,,,,,,6,Monaco Grand Prix
87,O BEARMAN,BEA,bearman,Haas F1 Team,9C9FA2,haas,Oliver,Bearman,Oliver Bearman,https://media.formula1.com/d_driver_fallback_image.png/content/dam/fom-website/drivers/O/OLIBEA01_Oliver_Bearman/olibea01.png.transform/1col/image.png,,19.0,,,0 days 00:01:14.814000,,,,,,,6,Monaco Grand Prix
77,V BOTTAS,BOT,bottas,Cadillac,909090,cadillac,Valtteri,Bottas,Valtteri Bottas,https://media.formula1.com/d_driver_fallback_image.png/content/dam/fom-website/drivers/V/VALBOT01_Valtteri_Bottas/valbot01.png.transform/1col/image.png,,20.0,,,0 days 00:01:15.283000,,,,,,,6,Monaco Grand Prix
14,F ALONSO,ALO,alonso,Aston Martin,229971,aston_martin,Fernando,Alonso,Fernando Alonso,https://media.formula1.com/d_driver_fallback_image.png/content/dam/fom-website/drivers/F/FERALO01_Fernando_Alonso/feralo01.png.transform/1col/image.png,,21.0,,,0 days 00:01:15.349000,,,,,,,6,Monaco Grand Prix
18,L STROLL,STR,stroll,Aston Martin,229971,aston_martin,Lance,Stroll,Lance Stroll,https://media.formula1.com/d_driver_fallback_image.png/content/dam/fom-website/drivers/L/LANSTR01_Lance_Stroll/lanstr01.png.transform/1col/image.png,,22.0,,,0 days 00:01:16.061000,,,,,,,6,Monaco Grand Prix
63,G RUSSELL,RUS,russell,Mercedes,00D7B6,mercedes,George,Russell,George Russell,https://media.formula1.com/d_driver_fallback_image.png/content/dam/fom-website/drivers/G/GEORUS01_George_Russell/georus01.png.transform/1col/image.png,,1.0,,,0 days 00:01:15.717000,0 days 00:01:15.228000,0 days 00:01:14.679000,,,,,7,Barcelona Grand Prix
44,L HAMILTON,HAM,hamilton,Ferrari,ED1131,ferrari,Lewis,Hamilton,Lewis Hamilton,https://media.formula1.com/d_driver_fallback_image.png/content/dam/fom-website/drivers/L/LEWHAM01_Lewis_Hamilton/lewham01.png.transform/1col/image.png,,2.0,,,0 days 00:01:15.625000,0 days 00:01:15.418000,0 days 00:01:14.743000,,,,,7,Barcelona Grand Prix
12,K ANTONELLI,ANT,antonelli,Mercedes,00D7B6,mercedes,Kimi,Antonelli,Kimi Antonelli,https://media.formula1.com/d_driver_fallback_image.png/content/dam/fom-website/drivers/K/ANDANT01_Kimi_Antonelli/andant01.png.transform/1col/image.png,,3.0,,,0 days 00:01:15.977000,0 days 00:01:15.295000,0 days 00:01:14.998000,,,,,7,Barcelona Grand Prix
1,L NORRIS,NOR,norris,McLaren,F47600,mclaren,Lando,Norris,Lando Norris,https://media.formula1.com/d_driver_fallback_image.png/content/dam/fom-website/drivers/L/LANNOR01_Lando_Norris/lannor01.png.transform/1col/image.png,,4.0,,,0 days 00:01:16.287000,0 days 00:01:15.361000,0 days 00:01:15.001000,,,,,7,Barcelona Grand Prix
3,M VERSTAPPEN,VER,max_verstappen,Red Bull Racing,4781D7,red_bull,Max,Verstappen,Max Verstappen,https://media.formula1.com/d_driver_fallback_image.png/content/dam/fom-website/drivers/M/MAXVER01_Max_Verstappen/maxver01.png.transform/1col/image.png,,5.0,,,0 days 00:01:16.352000,0 days 00:01:15.484000,0 days 00:01:15.021000,,,,,7,Barcelona Grand Prix
6,I HADJAR,HAD,hadjar,Red Bull Racing,4781D7,red_bull,Isack,Hadjar,Isack Hadjar,https://media.formula1.com/d_driver_fallback_image.png/content/dam/fom-website/drivers/I/ISAHAD01_Isack_Hadjar/isahad01.png.transform/1col/image.png,,6.0,,,0 days 00:01:16.427000,0 days 00:01:15.754000,0 days 00:01:15.077000,,,,,7,Barcelona Grand Prix
81,O PIASTRI,PIA,piastri,McLaren,F47600,mclaren,Oscar,Piastri,Oscar Piastri,https://media.formula1.com/d_driver_fallback_image.png/content/dam/fom-website/drivers/O/OSCPIA01_Oscar_Piastri/oscpia01.png.transform/1col/image.png,,7.0,,,0 days 00:01:16.138000,0 days 00:01:15.518000,0 days 00:01:15.090000,,,,,7,Barcelona Grand Prix
30,L LAWSON,LAW,lawson,Racing Bulls,6C98FF,rb,Liam,Lawson,Liam Lawson,https://media.formula1.com/d_driver_fallback_image.png/content/dam/fom-website/drivers/L/LIALAW01_Liam_Lawson/lialaw01.png.transform/1col/image.png,,8.0,,,0 days 00:01:16.673000,0 days 00:01:15.585000,0 days 00:01:16.542000,,,,,7,Barcelona Grand Prix
27,N HULKENBERG,HUL,hulkenberg,Audi,F50537,audi,Nico,Hulkenberg,Nico Hulkenberg,https://media.formula1.com/d_driver_fallback_image.png/content/dam/fom-website/drivers/N/NICHUL01_Nico_Hulkenberg/nichul01.png.transform/1col/image.png,,9.0,,,0 days 00:01:16.066000,0 days 00:01:15.768000,0 days 00:01:16.657000,,,,,7,Barcelona Grand Prix
16,C LECLERC,LEC,leclerc,Ferrari,ED1131,ferrari,Charles,Leclerc,Charles Leclerc,https://media.formula1.com/d_driver_fallback_image.png/content/dam/fom-website/drivers/C/CHALEC01_Charles_Leclerc/chalec01.png.transform/1col/image.png,,10.0,,,0 days 00:01:15.964000,0 days 00:01:15.281000,,,,,,7,Barcelona Grand Prix
41,A LINDBLAD,LIN,arvid_lindblad,Racing Bulls,6C98FF,rb,Arvid,Lindblad,Arvid Lindblad,https://media.formula1.com/d_driver_fallback_image.png/content/dam/fom-website/drivers/A/ARVLIN01_Arvid_Lindblad/arvlin01.png.transform/1col/image.png,,11.0,,,0 days 00:01:16.425000,0 days 00:01:15.840000,,,,,,7,Barcelona Grand Prix
5,G BORTOLETO,BOR,bortoleto,Audi,F50537,audi,Gabriel,Bortoleto,Gabriel Bortoleto,https://media.formula1.com/d_driver_fallback_image.png/content/dam/fom-website/drivers/G/GABBOR01_Gabriel_Bortoleto/gabbor01.png.transform/1col/image.png,,12.0,,,0 days 00:01:16.616000,0 days 00:01:16.001000,,,,,,7,Barcelona Grand Prix
43,F COLAPINTO,COL,colapinto,Alpine,00A1E8,alpine,Franco,Colapinto,Franco Colapinto,https://media.formula1.com/d_driver_fallback_image.png/content/dam/fom-website/drivers/F/FRACOL01_Franco_Colapinto/fracol01.png.transform/1col/image.png,,13.0,,,0 days 00:01:16.590000,0 days 00:01:16.191000,,,,,,7,Barcelona Grand Prix
10,P GASLY,GAS,gasly,Alpine,00A1E8,alpine,Pierre,Gasly,Pierre Gasly,https://media.formula1.com/d_driver_fallback_image.png/content/dam/fom-website/drivers/P/PIEGAS01_Pierre_Gasly/piegas01.png.transform/1col/image.png,,14.0,,,0 days 00:01:16.599000,0 days 00:01:16.261000,,,,,,7,Barcelona Grand Prix
87,O BEARMAN,BEA,bearman,Haas F1 Team,9C9FA2,haas,Oliver,Bearman,Oliver Bearman,https://media.formula1.com/d_driver_fallback_image.png/content/dam/fom-website/drivers/O/OLIBEA01_Oliver_Bearman/olibea01.png.transform/1col/image.png,,15.0,,,0 days 00:01:16.571000,0 days 00:01:16.389000,,,,,,7,Barcelona Grand Prix
55,C SAINZ,SAI,sainz,Williams,1868DB,williams,Carlos,Sainz,Carlos Sainz,https://media.formula1.com/d_driver_fallback_image.png/content/dam/fom-website/drivers/C/CARSAI01_Carlos_Sainz/carsai01.png.transform/1col/image.png,,16.0,,,0 days 00:01:16.881000,0 days 00:01:17.827000,,,,,,7,Barcelona Grand Prix
31,E OCON,OCO,ocon,Haas F1 Team,9C9FA2,haas,Esteban,Ocon,Esteban Ocon,https://media.formula1.com/d_driver_fallback_image.png/content/dam/fom-website/drivers/E/ESTOCO01_Esteban_Ocon/estoco01.png.transform/1col/image.png,,17.0,,,0 days 00:01:17.073000,,,,,,,7,Barcelona Grand Prix
23,A ALBON,ALB,albon,Williams,1868DB,williams,Alexander,Albon,Alexander Albon,https://media.formula1.com/d_driver_fallback_image.png/content/dam/fom-website/drivers/A/ALEALB01_Alexander_Albon/alealb01.png.transform/1col/image.png,,18.0,,,0 days 00:01:17.424000,,,,,,,7,Barcelona Grand Prix
11,S PEREZ,PER,perez,Cadillac,909090,cadillac,Sergio,Perez,Sergio Perez,https://media.formula1.com/d_driver_fallback_image.png/content/dam/fom-website/drivers/S/SERPER01_Sergio_Perez/serper01.png.transform/1col/image.png,,19.0,,,0 days 00:01:17.545000,,,,,,,7,Barcelona Grand Prix
77,V BOTTAS,BOT,bottas,Cadillac,909090,cadillac,Valtteri,Bottas,Valtteri Bottas,https://media.formula1.com/d_driver_fallback_image.png/content/dam/fom-website/drivers/V/VALBOT01_Valtteri_Bottas/valbot01.png.transform/1col/image.png,,20.0,,,0 days 00:01:17.757000,,,,,,,7,Barcelona Grand Prix
18,L STROLL,STR,stroll,Aston Martin,229971,aston_martin,Lance,Stroll,Lance Stroll,https://media.formula1.com/d_driver_fallback_image.png/content/dam/fom-website/drivers/L/LANSTR01_Lance_Stroll/lanstr01.png.transform/1col/image.png,,21.0,,,0 days 00:01:18.758000,,,,,,,7,Barcelona Grand Prix
14,F ALONSO,ALO,alonso,Aston Martin,229971,aston_martin,Fernando,Alonso,Fernando Alonso,https://media.formula1.com/d_driver_fallback_image.png/content/dam/fom-website/drivers/F/FERALO01_Fernando_Alonso/feralo01.png.transform/1col/image.png,,22.0,,,0 days 00:01:18.815000,,,,,,,7,Barcelona Grand Prix
63,G RUSSELL,RUS,russell,Mercedes,00D7B6,mercedes,George,Russell,George Russell,https://media.formula1.com/d_driver_fallback_image.png/content/dam/fom-website/drivers/G/GEORUS01_George_Russell/georus01.png.transform/1col/image.png,,1.0,,,0 days 00:01:07.398000,0 days 00:01:06.979000,0 days 00:01:06.113000,,,,,8,Austrian Grand Prix
16,C LECLERC,LEC,leclerc,Ferrari,ED1131,ferrari,Charles,Leclerc,Charles Leclerc,https://media.formula1.com/d_driver_fallback_image.png/content/dam/fom-website/drivers/C/CHALEC01_Charles_Leclerc/chalec01.png.transform/1col/image.png,,2.0,,,0 days 00:01:07.543000,0 days 00:01:07.030000,0 days 00:01:06.349000,,,,,8,Austrian Grand Prix
44,L HAMILTON,HAM,hamilton,Ferrari,ED1131,ferrari,Lewis,Hamilton,Lewis Hamilton,https://media.formula1.com/d_driver_fallback_image.png/content/dam/fom-website/drivers/L/LEWHAM01_Lewis_Hamilton/lewham01.png.transform/1col/image.png,,3.0,,,0 days 00:01:07.290000,0 days 00:01:06.994000,0 days 00:01:06.408000,,,,,8,Austrian Grand Prix
12,K ANTONELLI,ANT,antonelli,Mercedes,00D7B6,mercedes,Kimi,Antonelli,Kimi Antonelli,https://media.formula1.com/d_driver_fallback_image.png/content/dam/fom-website/drivers/K/ANDANT01_Kimi_Antonelli/andant01.png.transform/1col/image.png,,4.0,,,0 days 00:01:07.083000,0 days 00:01:06.763000,0 days 00:01:06.414000,,,,,8,Austrian Grand Prix
3,M VERSTAPPEN,VER,max_verstappen,Red Bull Racing,4781D7,red_bull,Max,Verstappen,Max Verstappen,https://media.formula1.com/d_driver_fallback_image.png/content/dam/fom-website/drivers/M/MAXVER01_Max_Verstappen/maxver01.png.transform/1col/image.png,,5.0,,,0 days 00:01:07.407000,0 days 00:01:07.183000,0 days 00:01:06.475000,,,,,8,Austrian Grand Prix
1,L NORRIS,NOR,norris,McLaren,F47600,mclaren,Lando,Norris,Lando Norris,https://media.formula1.com/d_driver_fallback_image.png/content/dam/fom-website/drivers/L/LANNOR01_Lando_Norris/lannor01.png.transform/1col/image.png,,6.0,,,0 days 00:01:07.259000,0 days 00:01:06.897000,0 days 00:01:06.502000,,,,,8,Austrian Grand Prix
81,O PIASTRI,PIA,piastri,McLaren,F47600,mclaren,Oscar,Piastri,Oscar Piastri,https://media.formula1.com/d_driver_fallback_image.png/content/dam/fom-website/drivers/O/OSCPIA01_Oscar_Piastri/oscpia01.png.transform/1col/image.png,,7.0,,,0 days 00:01:07.487000,0 days 00:01:06.890000,0 days 00:01:06.511000,,,,,8,Austrian Grand Prix
6,I HADJAR,HAD,hadjar,Red Bull Racing,4781D7,red_bull,Isack,Hadjar,Isack Hadjar,https://media.formula1.com/d_driver_fallback_image.png/content/dam/fom-website/drivers/I/ISAHAD01_Isack_Hadjar/isahad01.png.transform/1col/image.png,,8.0,,,0 days 00:01:07.408000,0 days 00:01:07.086000,0 days 00:01:06.632000,,,,,8,Austrian Grand Prix
30,L LAWSON,LAW,lawson,Racing Bulls,6C98FF,rb,Liam,Lawson,Liam Lawson,https://media.formula1.com/d_driver_fallback_image.png/content/dam/fom-website/drivers/L/LIALAW01_Liam_Lawson/lialaw01.png.transform/1col/image.png,,9.0,,,0 days 00:01:07.385000,0 days 00:01:07.136000,0 days 00:01:06.955000,,,,,8,Austrian Grand Prix
41,A LINDBLAD,LIN,arvid_lindblad,Racing Bulls,6C98FF,rb,Arvid,Lindblad,Arvid Lindblad,https://media.formula1.com/d_driver_fallback_image.png/content/dam/fom-website/drivers/A/ARVLIN01_Arvid_Lindblad/arvlin01.png.transform/1col/image.png,,10.0,,,0 days 00:01:07.549000,0 days 00:01:07.155000,0 days 00:01:07.007000,,,,,8,Austrian Grand Prix
10,P GASLY,GAS,gasly,Alpine,00A1E8,alpine,Pierre,Gasly,Pierre Gasly,https://media.formula1.com/d_driver_fallback_image.png/content/dam/fom-website/drivers/P/PIEGAS01_Pierre_Gasly/piegas01.png.transform/1col/image.png,,11.0,,,0 days 00:01:08.038000,0 days 00:01:07.223000,,,,,,8,Austrian Grand Prix
5,G BORTOLETO,BOR,bortoleto,Audi,F50537,audi,Gabriel,Bortoleto,Gabriel Bortoleto,https://media.formula1.com/d_driver_fallback_image.png/content/dam/fom-website/drivers/G/GABBOR01_Gabriel_Bortoleto/gabbor01.png.transform/1col/image.png,,12.0,,,0 days 00:01:08.035000,0 days 00:01:07.293000,,,,,,8,Austrian Grand Prix
87,O BEARMAN,BEA,bearman,Haas F1 Team,9C9FA2,haas,Oliver,Bearman,Oliver Bearman,https://media.formula1.com/d_driver_fallback_image.png/content/dam/fom-website/drivers/O/OLIBEA01_Oliver_Bearman/olibea01.png.transform/1col/image.png,,13.0,,,0 days 00:01:08.061000,0 days 00:01:07.523000,,,,,,8,Austrian Grand Prix
27,N HULKENBERG,HUL,hulkenberg,Audi,F50537,audi,Nico,Hulkenberg,Nico Hulkenberg,https://media.formula1.com/d_driver_fallback_image.png/content/dam/fom-website/drivers/N/NICHUL01_Nico_Hulkenberg/nichul01.png.transform/1col/image.png,,14.0,,,0 days 00:01:08.066000,0 days 00:01:07.611000,,,,,,8,Austrian Grand Prix
31,E OCON,OCO,ocon,Haas F1 Team,9C9FA2,haas,Esteban,Ocon,Esteban Ocon,https://media.formula1.com/d_driver_fallback_image.png/content/dam/fom-website/drivers/E/ESTOCO01_Esteban_Ocon/estoco01.png.transform/1col/image.png,,15.0,,,0 days 00:01:08.231000,0 days 00:01:07.817000,,,,,,8,Austrian Grand Prix
43,F COLAPINTO,COL,colapinto,Alpine,00A1E8,alpine,Franco,Colapinto,Franco Colapinto,https://media.formula1.com/d_driver_fallback_image.png/content/dam/fom-website/drivers/F/FRACOL01_Franco_Colapinto/fracol01.png.transform/1col/image.png,,16.0,,,0 days 00:01:07.894000,0 days 00:01:08.171000,,,,,,8,Austrian Grand Prix
55,C SAINZ,SAI,sainz,Williams,1868DB,williams,Carlos,Sainz,Carlos Sainz,https://media.formula1.com/d_driver_fallback_image.png/content/dam/fom-website/drivers/C/CARSAI01_Carlos_Sainz/carsai01.png.transform/1col/image.png,,17.0,,,0 days 00:01:08.252000,,,,,,,8,Austrian Grand Prix
23,A ALBON,ALB,albon,Williams,1868DB,williams,Alexander,Albon,Alexander Albon,https://media.formula1.com/d_driver_fallback_image.png/content/dam/fom-website/drivers/A/ALEALB01_Alexander_Albon/alealb01.png.transform/1col/image.png,,18.0,,,0 days 00:01:08.509000,,,,,,,8,Austrian Grand Prix
11,S PEREZ,PER,perez,Cadillac,909090,cadillac,Sergio,Perez,Sergio Perez,https://media.formula1.com/d_driver_fallback_image.png/content/dam/fom-website/drivers/S/SERPER01_Sergio_Perez/serper01.png.transform/1col/image.png,,19.0,,,0 days 00:01:08.945000,,,,,,,8,Austrian Grand Prix
77,V BOTTAS,BOT,bottas,Cadillac,909090,cadillac,Valtteri,Bottas,Valtteri Bottas,https://media.formula1.com/d_driver_fallback_image.png/content/dam/fom-website/drivers/V/VALBOT01_Valtteri_Bottas/valbot01.png.transform/1col/image.png,,20.0,,,0 days 00:01:09.030000,,,,,,,8,Austrian Grand Prix
14,F ALONSO,ALO,alonso,Aston Martin,229971,aston_martin,Fernando,Alonso,Fernando Alonso,https://media.formula1.com/d_driver_fallback_image.png/content/dam/fom-website/drivers/F/FERALO01_Fernando_Alonso/feralo01.png.transform/1col/image.png,,21.0,,,0 days 00:01:09.942000,,,,,,,8,Austrian Grand Prix
18,L STROLL,STR,stroll,Aston Martin,229971,aston_martin,Lance,Stroll,Lance Stroll,https://media.formula1.com/d_driver_fallback_image.png/content/dam/fom-website/drivers/L/LANSTR01_Lance_Stroll/lanstr01.png.transform/1col/image.png,,22.0,,,0 days 00:01:10.363000,,,,,,,8,Austrian Grand Prix
12,K ANTONELLI,ANT,antonelli,Mercedes,00D7B6,mercedes,Kimi,Antonelli,Kimi Antonelli,https://media.formula1.com/d_driver_fallback_image.png/content/dam/fom-website/drivers/K/ANDANT01_Kimi_Antonelli/andant01.png.transform/1col/image.png,,1.0,,,0 days 00:01:29.719000,0 days 00:01:28.493000,0 days 00:01:28.111000,,,,,9,British Grand Prix
16,C LECLERC,LEC,leclerc,Ferrari,ED1131,ferrari,Charles,Leclerc,Charles Leclerc,https://media.formula1.com/d_driver_fallback_image.png/content/dam/fom-website/drivers/C/CHALEC01_Charles_Leclerc/chalec01.png.transform/1col/image.png,,2.0,,,0 days 00:01:29.534000,0 days 00:01:28.626000,0 days 00:01:28.286000,,,,,9,British Grand Prix
44,L HAMILTON,HAM,hamilton,Ferrari,ED1131,ferrari,Lewis,Hamilton,Lewis Hamilton,https://media.formula1.com/d_driver_fallback_image.png/content/dam/fom-website/drivers/L/LEWHAM01_Lewis_Hamilton/lewham01.png.transform/1col/image.png,,3.0,,,0 days 00:01:29.644000,0 days 00:01:28.864000,0 days 00:01:28.458000,,,,,9,British Grand Prix
63,G RUSSELL,RUS,russell,Mercedes,00D7B6,mercedes,George,Russell,George Russell,https://media.formula1.com/d_driver_fallback_image.png/content/dam/fom-website/drivers/G/GEORUS01_George_Russell/georus01.png.transform/1col/image.png,,4.0,,,0 days 00:01:29.985000,0 days 00:01:28.920000,0 days 00:01:28.481000,,,,,9,British Grand Prix
6,I HADJAR,HAD,hadjar,Red Bull Racing,4781D7,red_bull,Isack,Hadjar,Isack Hadjar,https://media.formula1.com/d_driver_fallback_image.png/content/dam/fom-website/drivers/I/ISAHAD01_Isack_Hadjar/isahad01.png.transform/1col/image.png,,5.0,,,0 days 00:01:29.276000,0 days 00:01:29.069000,0 days 00:01:28.746000,,,,,9,British Grand Prix
1,L NORRIS,NOR,norris,McLaren,F47600,mclaren,Lando,Norris,Lando Norris,https://media.formula1.com/d_driver_fallback_image.png/content/dam/fom-website/drivers/L/LANNOR01_Lando_Norris/lannor01.png.transform/1col/image.png,,6.0,,,0 days 00:01:30.186000,0 days 00:01:29.383000,0 days 00:01:28.877000,,,,,9,British Grand Prix
3,M VERSTAPPEN,VER,max_verstappen,Red Bull Racing,4781D7,red_bull,Max,Verstappen,Max Verstappen,https://media.formula1.com/d_driver_fallback_image.png/content/dam/fom-website/drivers/M/MAXVER01_Max_Verstappen/maxver01.png.transform/1col/image.png,,7.0,,,0 days 00:01:29.549000,0 days 00:01:29.113000,0 days 00:01:28.893000,,,,,9,British Grand Prix
81,O PIASTRI,PIA,piastri,McLaren,F47600,mclaren,Oscar,Piastri,Oscar Piastri,https://media.formula1.com/d_driver_fallback_image.png/content/dam/fom-website/drivers/O/OSCPIA01_Oscar_Piastri/oscpia01.png.transform/1col/image.png,,8.0,,,0 days 00:01:29.971000,0 days 00:01:29.218000,0 days 00:01:29.032000,,,,,9,British Grand Prix
41,A LINDBLAD,LIN,arvid_lindblad,Racing Bulls,6C98FF,rb,Arvid,Lindblad,Arvid Lindblad,https://media.formula1.com/d_driver_fallback_image.png/content/dam/fom-website/drivers/A/ARVLIN01_Arvid_Lindblad/arvlin01.png.transform/1col/image.png,,9.0,,,0 days 00:01:29.661000,0 days 00:01:29.324000,0 days 00:01:29.305000,,,,,9,British Grand Prix
30,L LAWSON,LAW,lawson,Racing Bulls,6C98FF,rb,Liam,Lawson,Liam Lawson,https://media.formula1.com/d_driver_fallback_image.png/content/dam/fom-website/drivers/L/LIALAW01_Liam_Lawson/lialaw01.png.transform/1col/image.png,,10.0,,,0 days 00:01:29.300000,0 days 00:01:29.429000,0 days 00:01:29.716000,,,,,9,British Grand Prix
5,G BORTOLETO,BOR,bortoleto,Audi,F50537,audi,Gabriel,Bortoleto,Gabriel Bortoleto,https://media.formula1.com/d_driver_fallback_image.png/content/dam/fom-website/drivers/G/GABBOR01_Gabriel_Bortoleto/gabbor01.png.transform/1col/image.png,,11.0,,,0 days 00:01:30.269000,0 days 00:01:29.461000,,,,,,9,British Grand Prix
10,P GASLY,GAS,gasly,Alpine,00A1E8,alpine,Pierre,Gasly,Pierre Gasly,https://media.formula1.com/d_driver_fallback_image.png/content/dam/fom-website/drivers/P/PIEGAS01_Pierre_Gasly/piegas01.png.transform/1col/image.png,,12.0,,,0 days 00:01:30.345000,0 days 00:01:30.063000,,,,,,9,British Grand Prix
27,N HULKENBERG,HUL,hulkenberg,Audi,F50537,audi,Nico,Hulkenberg,Nico Hulkenberg,https://media.formula1.com/d_driver_fallback_image.png/content/dam/fom-website/drivers/N/NICHUL01_Nico_Hulkenberg/nichul01.png.transform/1col/image.png,,13.0,,,0 days 00:01:29.539000,0 days 00:01:30.076000,,,,,,9,British Grand Prix
87,O BEARMAN,BEA,bearman,Haas F1 Team,9C9FA2,haas,Oliver,Bearman,Oliver Bearman,https://media.formula1.com/d_driver_fallback_image.png/content/dam/fom-website/drivers/O/OLIBEA01_Oliver_Bearman/olibea01.png.transform/1col/image.png,,14.0,,,0 days 00:01:30.570000,0 days 00:01:30.501000,,,,,,9,British Grand Prix
55,C SAINZ,SAI,sainz,Williams,1868DB,williams,Carlos,Sainz,Carlos Sainz,https://media.formula1.com/d_driver_fallback_image.png/content/dam/fom-website/drivers/C/CARSAI01_Carlos_Sainz/carsai01.png.transform/1col/image.png,,15.0,,,0 days 00:01:30.562000,0 days 00:01:30.623000,,,,,,9,British Grand Prix
23,A ALBON,ALB,albon,Williams,1868DB,williams,Alexander,Albon,Alexander Albon,https://media.formula1.com/d_driver_fallback_image.png/content/dam/fom-website/drivers/A/ALEALB01_Alexander_Albon/alealb01.png.transform/1col/image.png,,16.0,,,0 days 00:01:30.638000,0 days 00:01:31.341000,,,,,,9,British Grand Prix
31,E OCON,OCO,ocon,Haas F1 Team,9C9FA2,haas,Esteban,Ocon,Esteban Ocon,https://media.formula1.com/d_driver_fallback_image.png/content/dam/fom-website/drivers/E/ESTOCO01_Esteban_Ocon/estoco01.png.transform/1col/image.png,,17.0,,,0 days 00:01:30.680000,,,,,,,9,British Grand Prix
77,V BOTTAS,BOT,bottas,Cadillac,909090,cadillac,Valtteri,Bottas,Valtteri Bottas,https://media.formula1.com/d_driver_fallback_image.png/content/dam/fom-website/drivers/V/VALBOT01_Valtteri_Bottas/valbot01.png.transform/1col/image.png,,18.0,,,0 days 00:01:31.227000,,,,,,,9,British Grand Prix
43,F COLAPINTO,COL,colapinto,Alpine,00A1E8,alpine,Franco,Colapinto,Franco Colapinto,https://media.formula1.com/d_driver_fallback_image.png/content/dam/fom-website/drivers/F/FRACOL01_Franco_Colapinto/fracol01.png.transform/1col/image.png,,19.0,,,0 days 00:01:31.321000,,,,,,,9,British Grand Prix
11,S PEREZ,PER,perez,Cadillac,909090,cadillac,Sergio,Perez,Sergio Perez,https://media.formula1.com/d_driver_fallback_image.png/content/dam/fom-website/drivers/S/SERPER01_Sergio_Perez/serper01.png.transform/1col/image.png,,20.0,,,0 days 00:01:31.451000,,,,,,,9,British Grand Prix
18,L STROLL,STR,stroll,Aston Martin,229971,aston_martin,Lance,Stroll,Lance Stroll,https://media.formula1.com/d_driver_fallback_image.png/content/dam/fom-website/drivers/L/LANSTR01_Lance_Stroll/lanstr01.png.transform/1col/image.png,,21.0,,,0 days 00:01:32.863000,,,,,,,9,British Grand Prix
14,F ALONSO,ALO,alonso,Aston Martin,229971,aston_martin,Fernando,Alonso,Fernando Alonso,https://media.formula1.com/d_driver_fallback_image.png/content/dam/fom-website/drivers/F/FERALO01_Fernando_Alonso/feralo01.png.transform/1col/image.png,,22.0,,,0 days 00:01:33.025000,,,,,,,9,British Grand Prix
12,K ANTONELLI,ANT,antonelli,Mercedes,00D7B6,mercedes,Kimi,Antonelli,Kimi Antonelli,https://media.formula1.com/d_driver_fallback_image.png/content/dam/fom-website/drivers/K/ANDANT01_Kimi_Antonelli/andant01.png.transform/1col/image.png,,1.0,,,0 days 00:01:46.304000,0 days 00:01:45.142000,0 days 00:01:44.361000,,,,,10,Belgian Grand Prix
3,M VERSTAPPEN,VER,max_verstappen,Red Bull Racing,4781D7,red_bull,Max,Verstappen,Max Verstappen,https://media.formula1.com/d_driver_fallback_image.png/content/dam/fom-website/drivers/M/MAXVER01_Max_Verstappen/maxver01.png.transform/1col/image.png,,2.0,,,0 days 00:01:45.930000,0 days 00:01:45.589000,0 days 00:01:44.678000,,,,,10,Belgian Grand Prix
1,L NORRIS,NOR,norris,McLaren,F47600,mclaren,Lando,Norris,Lando Norris,https://media.formula1.com/d_driver_fallback_image.png/content/dam/fom-website/drivers/L/LANNOR01_Lando_Norris/lannor01.png.transform/1col/image.png,,3.0,,,0 days 00:01:45.865000,0 days 00:01:45.454000,0 days 00:01:44.801000,,,,,10,Belgian Grand Prix
63,G RUSSELL,RUS,russell,Mercedes,00D7B6,mercedes,George,Russell,George Russell,https://media.formula1.com/d_driver_fallback_image.png/content/dam/fom-website/drivers/G/GEORUS01_George_Russell/georus01.png.transform/1col/image.png,,4.0,,,0 days 00:01:46.185000,0 days 00:01:45.689000,0 days 00:01:44.869000,,,,,10,Belgian Grand Prix
16,C LECLERC,LEC,leclerc,Ferrari,ED1131,ferrari,Charles,Leclerc,Charles Leclerc,https://media.formula1.com/d_driver_fallback_image.png/content/dam/fom-website/drivers/C/CHALEC01_Charles_Leclerc/chalec01.png.transform/1col/image.png,,5.0,,,0 days 00:01:46.278000,0 days 00:01:45.397000,0 days 00:01:44.893000,,,,,10,Belgian Grand Prix
44,L HAMILTON,HAM,hamilton,Ferrari,ED1131,ferrari,Lewis,Hamilton,Lewis Hamilton,https://media.formula1.com/d_driver_fallback_image.png/content/dam/fom-website/drivers/L/LEWHAM01_Lewis_Hamilton/lewham01.png.transform/1col/image.png,,6.0,,,0 days 00:01:46.124000,0 days 00:01:45.543000,0 days 00:01:44.895000,,,,,10,Belgian Grand Prix
81,O PIASTRI,PIA,piastri,McLaren,F47600,mclaren,Oscar,Piastri,Oscar Piastri,https://media.formula1.com/d_driver_fallback_image.png/content/dam/fom-website/drivers/O/OSCPIA01_Oscar_Piastri/oscpia01.png.transform/1col/image.png,,7.0,,,0 days 00:01:46.433000,0 days 00:01:45.671000,0 days 00:01:45.016000,,,,,10,Belgian Grand Prix
41,A LINDBLAD,LIN,arvid_lindblad,Racing Bulls,6C98FF,rb,Arvid,Lindblad,Arvid Lindblad,https://media.formula1.com/d_driver_fallback_image.png/content/dam/fom-website/drivers/A/ARVLIN01_Arvid_Lindblad/arvlin01.png.transform/1col/image.png,,8.0,,,0 days 00:01:46.191000,0 days 00:01:45.629000,0 days 00:01:45.143000,,,,,10,Belgian Grand Prix
5,G BORTOLETO,BOR,bortoleto,Audi,F50537,audi,Gabriel,Bortoleto,Gabriel Bortoleto,https://media.formula1.com/d_driver_fallback_image.png/content/dam/fom-website/drivers/G/GABBOR01_Gabriel_Bortoleto/gabbor01.png.transform/1col/image.png,,9.0,,,0 days 00:01:46.609000,0 days 00:01:46.082000,0 days 00:01:45.628000,,,,,10,Belgian Grand Prix
6,I HADJAR,HAD,hadjar,Red Bull Racing,4781D7,red_bull,Isack,Hadjar,Isack Hadjar,https://media.formula1.com/d_driver_fallback_image.png/content/dam/fom-website/drivers/I/ISAHAD01_Isack_Hadjar/isahad01.png.transform/1col/image.png,,10.0,,,0 days 00:01:46.062000,0 days 00:01:45.823000,,,,,,10,Belgian Grand Prix
30,L LAWSON,LAW,lawson,Racing Bulls,6C98FF,rb,Liam,Lawson,Liam Lawson,https://media.formula1.com/d_driver_fallback_image.png/content/dam/fom-website/drivers/L/LIALAW01_Liam_Lawson/lialaw01.png.transform/1col/image.png,,11.0,,,0 days 00:01:46.501000,0 days 00:01:46.120000,,,,,,10,Belgian Grand Prix
10,P GASLY,GAS,gasly,Alpine,00A1E8,alpine,Pierre,Gasly,Pierre Gasly,https://media.formula1.com/d_driver_fallback_image.png/content/dam/fom-website/drivers/P/PIEGAS01_Pierre_Gasly/piegas01.png.transform/1col/image.png,,12.0,,,0 days 00:01:46.679000,0 days 00:01:46.331000,,,,,,10,Belgian Grand Prix
43,F COLAPINTO,COL,colapinto,Alpine,00A1E8,alpine,Franco,Colapinto,Franco Colapinto,https://media.formula1.com/d_driver_fallback_image.png/content/dam/fom-website/drivers/F/FRACOL01_Franco_Colapinto/fracol01.png.transform/1col/image.png,,13.0,,,0 days 00:01:46.795000,0 days 00:01:46.392000,,,,,,10,Belgian Grand Prix
27,N HULKENBERG,HUL,hulkenberg,Audi,F50537,audi,Nico,Hulkenberg,Nico Hulkenberg,https://media.formula1.com/d_driver_fallback_image.png/content/dam/fom-website/drivers/N/NICHUL01_Nico_Hulkenberg/nichul01.png.transform/1col/image.png,,14.0,,,0 days 00:01:46.893000,0 days 00:01:46.671000,,,,,,10,Belgian Grand Prix
55,C SAINZ,SAI,sainz,Williams,1868DB,williams,Carlos,Sainz,Carlos Sainz,https://media.formula1.com/d_driver_fallback_image.png/content/dam/fom-website/drivers/C/CARSAI01_Carlos_Sainz/carsai01.png.transform/1col/image.png,,15.0,,,0 days 00:01:47.080000,0 days 00:01:46.777000,,,,,,10,Belgian Grand Prix
87,O BEARMAN,BEA,bearman,Haas F1 Team,9C9FA2,haas,Oliver,Bearman,Oliver Bearman,https://media.formula1.com/d_driver_fallback_image.png/content/dam/fom-website/drivers/O/OLIBEA01_Oliver_Bearman/olibea01.png.transform/1col/image.png,,16.0,,,0 days 00:01:47.113000,0 days 00:01:46.779000,,,,,,10,Belgian Grand Prix
23,A ALBON,ALB,albon,Williams,1868DB,williams,Alexander,Albon,Alexander Albon,https://media.formula1.com/d_driver_fallback_image.png/content/dam/fom-website/drivers/A/ALEALB01_Alexander_Albon/alealb01.png.transform/1col/image.png,,17.0,,,0 days 00:01:47.120000,,,,,,,10,Belgian Grand Prix
31,E OCON,OCO,ocon,Haas F1 Team,9C9FA2,haas,Esteban,Ocon,Esteban Ocon,https://media.formula1.com/d_driver_fallback_image.png/content/dam/fom-website/drivers/E/ESTOCO01_Esteban_Ocon/estoco01.png.transform/1col/image.png,,18.0,,,0 days 00:01:47.801000,,,,,,,10,Belgian Grand Prix
77,V BOTTAS,BOT,bottas,Cadillac,909090,cadillac,Valtteri,Bottas,Valtteri Bottas,https://media.formula1.com/d_driver_fallback_image.png/content/dam/fom-website/drivers/V/VALBOT01_Valtteri_Bottas/valbot01.png.transform/1col/image.png,,19.0,,,0 days 00:01:47.823000,,,,,,,10,Belgian Grand Prix
11,S PEREZ,PER,perez,Cadillac,909090,cadillac,Sergio,Perez,Sergio Perez,https://media.formula1.com/d_driver_fallback_image.png/content/dam/fom-website/drivers/S/SERPER01_Sergio_Perez/serper01.png.transform/1col/image.png,,20.0,,,0 days 00:01:47.971000,,,,,,,10,Belgian Grand Prix
14,F ALONSO,ALO,alonso,Aston Martin,229971,aston_martin,Fernando,Alonso,Fernando Alonso,https://media.formula1.com/d_driver_fallback_image.png/content/dam/fom-website/drivers/F/FERALO01_Fernando_Alonso/feralo01.png.transform/1col/image.png,,21.0,,,0 days 00:01:50.002000,,,,,,,10,Belgian Grand Prix
18,L STROLL,STR,stroll,Aston Martin,229971,aston_martin,Lance,Stroll,Lance Stroll,https://media.formula1.com/d_driver_fallback_image.png/content/dam/fom-website/drivers/L/LANSTR01_Lance_Stroll/lanstr01.png.transform/1col/image.png,,22.0,,,0 days 00:01:50.177000,,,,,,,10,Belgian Grand Prix
1,L NORRIS,NOR,norris,McLaren,F47600,mclaren,Lando,Norris,Lando Norris,https://media.formula1.com/d_driver_fallback_image.png/content/dam/fom-website/drivers/L/LANNOR01_Lando_Norris/lannor01.png.transform/1col/image.png,,1.0,,,0 days 00:01:18.277000,0 days 00:01:17.456000,0 days 00:01:17.207000,,,,,11,Hungarian Grand Prix
44,L HAMILTON,HAM,hamilton,Ferrari,ED1131,ferrari,Lewis,Hamilton,Lewis Hamilton,https://media.formula1.com/d_driver_fallback_image.png/content/dam/fom-website/drivers/L/LEWHAM01_Lewis_Hamilton/lewham01.png.transform/1col/image.png,,2.0,,,0 days 00:01:18.730000,0 days 00:01:17.803000,0 days 00:01:17.219000,,,,,11,Hungarian Grand Prix
16,C LECLERC,LEC,leclerc,Ferrari,ED1131,ferrari,Charles,Leclerc,Charles Leclerc,https://media.formula1.com/d_driver_fallback_image.png/content/dam/fom-website/drivers/C/CHALEC01_Charles_Leclerc/chalec01.png.transform/1col/image.png,,3.0,,,0 days 00:01:18.984000,0 days 00:01:17.626000,0 days 00:01:17.445000,,,,,11,Hungarian Grand Prix
12,K ANTONELLI,ANT,antonelli,Mercedes,00D7B6,mercedes,Kimi,Antonelli,Kimi Antonelli,https://media.formula1.com/d_driver_fallback_image.png/content/dam/fom-website/drivers/K/ANDANT01_Kimi_Antonelli/andant01.png.transform/1col/image.png,,4.0,,,0 days 00:01:18.726000,0 days 00:01:18.393000,0 days 00:01:17.479000,,,,,11,Hungarian Grand Prix
81,O PIASTRI,PIA,piastri,McLaren,F47600,mclaren,Oscar,Piastri,Oscar Piastri,https://media.formula1.com/d_driver_fallback_image.png/content/dam/fom-website/drivers/O/OSCPIA01_Oscar_Piastri/oscpia01.png.transform/1col/image.png,,5.0,,,0 days 00:01:18.891000,0 days 00:01:17.928000,0 days 00:01:17.684000,,,,,11,Hungarian Grand Prix
3,M VERSTAPPEN,VER,max_verstappen,Red Bull Racing,4781D7,red_bull,Max,Verstappen,Max Verstappen,https://media.formula1.com/d_driver_fallback_image.png/content/dam/fom-website/drivers/M/MAXVER01_Max_Verstappen/maxver01.png.transform/1col/image.png,,6.0,,,0 days 00:01:18.656000,0 days 00:01:18.249000,0 days 00:01:17.725000,,,,,11,Hungarian Grand Prix
63,G RUSSELL,RUS,russell,Mercedes,00D7B6,mercedes,George,Russell,George Russell,https://media.formula1.com/d_driver_fallback_image.png/content/dam/fom-website/drivers/G/GEORUS01_George_Russell/georus01.png.transform/1col/image.png,,7.0,,,0 days 00:01:18.856000,0 days 00:01:18.445000,0 days 00:01:17.760000,,,,,11,Hungarian Grand Prix
6,I HADJAR,HAD,hadjar,Red Bull Racing,4781D7,red_bull,Isack,Hadjar,Isack Hadjar,https://media.formula1.com/d_driver_fallback_image.png/content/dam/fom-website/drivers/I/ISAHAD01_Isack_Hadjar/isahad01.png.transform/1col/image.png,,8.0,,,0 days 00:01:18.754000,0 days 00:01:17.872000,0 days 00:01:17.856000,,,,,11,Hungarian Grand Prix
41,A LINDBLAD,LIN,arvid_lindblad,Racing Bulls,6C98FF,rb,Arvid,Lindblad,Arvid Lindblad,https://media.formula1.com/d_driver_fallback_image.png/content/dam/fom-website/drivers/A/ARVLIN01_Arvid_Lindblad/arvlin01.png.transform/1col/image.png,,9.0,,,0 days 00:01:19.233000,0 days 00:01:18.360000,0 days 00:01:18.281000,,,,,11,Hungarian Grand Prix
27,N HULKENBERG,HUL,hulkenberg,Audi,F50537,audi,Nico,Hulkenberg,Nico Hulkenberg,https://media.formula1.com/d_driver_fallback_image.png/content/dam/fom-website/drivers/N/NICHUL01_Nico_Hulkenberg/nichul01.png.transform/1col/image.png,,10.0,,,0 days 00:01:18.796000,0 days 00:01:18.639000,0 days 00:01:18.686000,,,,,11,Hungarian Grand Prix
30,L LAWSON,LAW,lawson,Racing Bulls,6C98FF,rb,Liam,Lawson,Liam Lawson,https://media.formula1.com/d_driver_fallback_image.png/content/dam/fom-website/drivers/L/LIALAW01_Liam_Lawson/lialaw01.png.transform/1col/image.png,,11.0,,,0 days 00:01:19.161000,0 days 00:01:18.765000,,,,,,11,Hungarian Grand Prix
10,P GASLY,GAS,gasly,Alpine,00A1E8,alpine,Pierre,Gasly,Pierre Gasly,https://media.formula1.com/d_driver_fallback_image.png/content/dam/fom-website/drivers/P/PIEGAS01_Pierre_Gasly/piegas01.png.transform/1col/image.png,,12.0,,,0 days 00:01:19.741000,0 days 00:01:18.844000,,,,,,11,Hungarian Grand Prix
43,F COLAPINTO,COL,colapinto,Alpine,00A1E8,alpine,Franco,Colapinto,Franco Colapinto,https://media.formula1.com/d_driver_fallback_image.png/content/dam/fom-website/drivers/F/FRACOL01_Franco_Colapinto/fracol01.png.transform/1col/image.png,,13.0,,,0 days 00:01:19.771000,0 days 00:01:19.027000,,,,,,11,Hungarian Grand Prix
5,G BORTOLETO,BOR,bortoleto,Audi,F50537,audi,Gabriel,Bortoleto,Gabriel Bortoleto,https://media.formula1.com/d_driver_fallback_image.png/content/dam/fom-website/drivers/G/GABBOR01_Gabriel_Bortoleto/gabbor01.png.transform/1col/image.png,,14.0,,,0 days 00:01:19.069000,0 days 00:01:19.105000,,,,,,11,Hungarian Grand Prix
31,E OCON,OCO,ocon,Haas F1 Team,9C9FA2,haas,Esteban,Ocon,Esteban Ocon,https://media.formula1.com/d_driver_fallback_image.png/content/dam/fom-website/drivers/E/ESTOCO01_Esteban_Ocon/estoco01.png.transform/1col/image.png,,15.0,,,0 days 00:01:20.010000,0 days 00:01:19.734000,,,,,,11,Hungarian Grand Prix
14,F ALONSO,ALO,alonso,Aston Martin,229971,aston_martin,Fernando,Alonso,Fernando Alonso,https://media.formula1.com/d_driver_fallback_image.png/content/dam/fom-website/drivers/F/FERALO01_Fernando_Alonso/feralo01.png.transform/1col/image.png,,16.0,,,0 days 00:01:20.126000,0 days 00:01:19.808000,,,,,,11,Hungarian Grand Prix
87,O BEARMAN,BEA,bearman,Haas F1 Team,9C9FA2,haas,Oliver,Bearman,Oliver Bearman,https://media.formula1.com/d_driver_fallback_image.png/content/dam/fom-website/drivers/O/OLIBEA01_Oliver_Bearman/olibea01.png.transform/1col/image.png,,17.0,,,0 days 00:01:20.233000,,,,,,,11,Hungarian Grand Prix
55,C SAINZ,SAI,sainz,Williams,1868DB,williams,Carlos,Sainz,Carlos Sainz,https://media.formula1.com/d_driver_fallback_image.png/content/dam/fom-website/drivers/C/CARSAI01_Carlos_Sainz/carsai01.png.transform/1col/image.png,,18.0,,,0 days 00:01:20.621000,,,,,,,11,Hungarian Grand Prix
23,A ALBON,ALB,albon,Williams,1868DB,williams,Alexander,Albon,Alexander Albon,https://media.formula1.com/d_driver_fallback_image.png/content/dam/fom-website/drivers/A/ALEALB01_Alexander_Albon/alealb01.png.transform/1col/image.png,,19.0,,,0 days 00:01:20.658000,,,,,,,11,Hungarian Grand Prix
18,L STROLL,STR,stroll,Aston Martin,229971,aston_martin,Lance,Stroll,Lance Stroll,https://media.formula1.com/d_driver_fallback_image.png/content/dam/fom-website/drivers/L/LANSTR01_Lance_Stroll/lanstr01.png.transform/1col/image.png,,20.0,,,0 days 00:01:20.659000,,,,,,,11,Hungarian Grand Prix
77,V BOTTAS,BOT,bottas,Cadillac,909090,cadillac,Valtteri,Bottas,Valtteri Bottas,https://media.formula1.com/d_driver_fallback_image.png/content/dam/fom-website/drivers/V/VALBOT01_Valtteri_Bottas/valbot01.png.transform/1col/image.png,,21.0,,,0 days 00:01:20.886000,,,,,,,11,Hungarian Grand Prix
11,S PEREZ,PER,perez,Cadillac,909090,cadillac,Sergio,Perez,Sergio Perez,https://media.formula1.com/d_driver_fallback_image.png/content/dam/fom-website/drivers/S/SERPER01_Sergio_Perez/serper01.png.transform/1col/image.png,,22.0,,,0 days 00:01:21.322000,,,,,,,11,Hungarian Grand Prix
1,L NORRIS,NOR,norris,McLaren,F47600,mclaren,Lando,Norris,Lando Norris,https://media.formula1.com/d_driver_fallback_image.png/content/dam/fom-website/drivers/L/LANNOR01_Lando_Norris/lannor01.png.transform/1col/image.png,,1.0,,,0 days 00:01:12.695000,0 days 00:01:11.628000,0 days 00:01:11.163000,,,,,12,Dutch Grand Prix
63,G RUSSELL,RUS,russell,Mercedes,00D7B6,mercedes,George,Russell,George Russell,https://media.formula1.com/d_driver_fallback_image.png/content/dam/fom-website/drivers/G/GEORUS01_George_Russell/georus01.png.transform/1col/image.png,,2.0,,,0 days 00:01:12.924000,0 days 00:01:11.959000,0 days 00:01:11.265000,,,,,12,Dutch Grand Prix
12,K ANTONELLI,ANT,antonelli,Mercedes,00D7B6,mercedes,Kimi,Antonelli,Kimi Antonelli,https://media.formula1.com/d_driver_fallback_image.png/content/dam/fom-website/drivers/K/ANDANT01_Kimi_Antonelli/andant01.png.transform/1col/image.png,,3.0,,,0 days 00:01:13.022000,0 days 00:01:11.915000,0 days 00:01:11.296000,,,,,12,Dutch Grand Prix
81,O PIASTRI,PIA,piastri,McLaren,F47600,mclaren,Oscar,Piastri,Oscar Piastri,https://media.formula1.com/d_driver_fallback_image.png/content/dam/fom-website/drivers/O/OSCPIA01_Oscar_Piastri/oscpia01.png.transform/1col/image.png,,4.0,,,0 days 00:01:12.610000,0 days 00:01:11.641000,0 days 00:01:11.305000,,,,,12,Dutch Grand Prix
44,L HAMILTON,HAM,hamilton,Ferrari,ED1131,ferrari,Lewis,Hamilton,Lewis Hamilton,https://media.formula1.com/d_driver_fallback_image.png/content/dam/fom-website/drivers/L/LEWHAM01_Lewis_Hamilton/lewham01.png.transform/1col/image.png,,5.0,,,0 days 00:01:12.673000,0 days 00:01:11.970000,0 days 00:01:11.494000,,,,,12,Dutch Grand Prix
16,C LECLERC,LEC,leclerc,Ferrari,ED1131,ferrari,Charles,Leclerc,Charles Leclerc,https://media.formula1.com/d_driver_fallback_image.png/content/dam/fom-website/drivers/C/CHALEC01_Charles_Leclerc/chalec01.png.transform/1col/image.png,,6.0,,,0 days 00:01:13.064000,0 days 00:01:11.910000,0 days 00:01:11.558000,,,,,12,Dutch Grand Prix
3,M VERSTAPPEN,VER,max_verstappen,Red Bull Racing,4781D7,red_bull,Max,Verstappen,Max Verstappen,https://media.formula1.com/d_driver_fallback_image.png/content/dam/fom-website/drivers/M/MAXVER01_Max_Verstappen/maxver01.png.transform/1col/image.png,,7.0,,,0 days 00:01:13.290000,0 days 00:01:11.874000,0 days 00:01:11.618000,,,,,12,Dutch Grand Prix
30,L LAWSON,LAW,lawson,Red Bull Racing,4781D7,red_bull,Liam,Lawson,Liam Lawson,https://media.formula1.com/d_driver_fallback_image.png/content/dam/fom-website/drivers/L/LIALAW01_Liam_Lawson/lialaw01.png.transform/1col/image.png,,8.0,,,0 days 00:01:13.392000,0 days 00:01:12.301000,0 days 00:01:11.733000,,,,,12,Dutch Grand Prix
5,G BORTOLETO,BOR,bortoleto,Audi,F50537,audi,Gabriel,Bortoleto,Gabriel Bortoleto,https://media.formula1.com/d_driver_fallback_image.png/content/dam/fom-website/drivers/G/GABBOR01_Gabriel_Bortoleto/gabbor01.png.transform/1col/image.png,,9.0,,,0 days 00:01:13.142000,0 days 00:01:12.433000,0 days 00:01:12.079000,,,,,12,Dutch Grand Prix
41,A LINDBLAD,LIN,arvid_lindblad,Racing Bulls,6C98FF,rb,Arvid,Lindblad,Arvid Lindblad,https://media.formula1.com/d_driver_fallback_image.png/content/dam/fom-website/drivers/A/ARVLIN01_Arvid_Lindblad/arvlin01.png.transform/1col/image.png,,10.0,,,0 days 00:01:13.074000,0 days 00:01:12.525000,0 days 00:01:12.185000,,,,,12,Dutch Grand Prix
10,P GASLY,GAS,gasly,Alpine,00A1E8,alpine,Pierre,Gasly,Pierre Gasly,https://media.formula1.com/d_driver_fallback_image.png/content/dam/fom-website/drivers/P/PIEGAS01_Pierre_Gasly/piegas01.png.transform/1col/image.png,,11.0,,,0 days 00:01:13.115000,0 days 00:01:12.616000,,,,,,12,Dutch Grand Prix
22,Y TSUNODA,TSU,tsunoda,Racing Bulls,6C98FF,rb,Yuki,Tsunoda,Yuki Tsunoda,None,,12.0,,,0 days 00:01:13.085000,0 days 00:01:12.627000,,,,,,12,Dutch Grand Prix
27,N HULKENBERG,HUL,hulkenberg,Audi,F50537,audi,Nico,Hulkenberg,Nico Hulkenberg,https://media.formula1.com/d_driver_fallback_image.png/content/dam/fom-website/drivers/N/NICHUL01_Nico_Hulkenberg/nichul01.png.transform/1col/image.png,,13.0,,,0 days 00:01:13.188000,0 days 00:01:12.797000,,,,,,12,Dutch Grand Prix
43,F COLAPINTO,COL,colapinto,Alpine,00A1E8,alpine,Franco,Colapinto,Franco Colapinto,https://media.formula1.com/d_driver_fallback_image.png/content/dam/fom-website/drivers/F/FRACOL01_Franco_Colapinto/fracol01.png.transform/1col/image.png,,14.0,,,0 days 00:01:13.322000,0 days 00:01:12.800000,,,,,,12,Dutch Grand Prix
31,E OCON,OCO,ocon,Haas F1 Team,9C9FA2,haas,Esteban,Ocon,Esteban Ocon,https://media.formula1.com/d_driver_fallback_image.png/content/dam/fom-website/drivers/E/ESTOCO01_Esteban_Ocon/estoco01.png.transform/1col/image.png,,15.0,,,0 days 00:01:13.544000,0 days 00:01:13.137000,,,,,,12,Dutch Grand Prix
23,A ALBON,ALB,albon,Williams,1868DB,williams,Alexander,Albon,Alexander Albon,https://media.formula1.com/d_driver_fallback_image.png/content/dam/fom-website/drivers/A/ALEALB01_Alexander_Albon/alealb01.png.transform/1col/image.png,,16.0,,,0 days 00:01:13.552000,0 days 00:01:13.182000,,,,,,12,Dutch Grand Prix
55,C SAINZ,SAI,sainz,Williams,1868DB,williams,Carlos,Sainz,Carlos Sainz,https://media.formula1.com/d_driver_fallback_image.png/content/dam/fom-website/drivers/C/CARSAI01_Carlos_Sainz/carsai01.png.transform/1col/image.png,,17.0,,,0 days 00:01:13.574000,,,,,,,12,Dutch Grand Prix
14,F ALONSO,ALO,alonso,Aston Martin,229971,aston_martin,Fernando,Alonso,Fernando Alonso,https://media.formula1.com/d_driver_fallback_image.png/content/dam/fom-website/drivers/F/FERALO01_Fernando_Alonso/feralo01.png.transform/1col/image.png,,18.0,,,0 days 00:01:13.650000,,,,,,,12,Dutch Grand Prix
18,L STROLL,STR,stroll,Aston Martin,229971,aston_martin,Lance,Stroll,Lance Stroll,https://media.formula1.com/d_driver_fallback_image.png/content/dam/fom-website/drivers/L/LANSTR01_Lance_Stroll/lanstr01.png.transform/1col/image.png,,19.0,,,0 days 00:01:13.818000,,,,,,,12,Dutch Grand Prix
87,O BEARMAN,BEA,bearman,Haas F1 Team,9C9FA2,haas,Oliver,Bearman,Oliver Bearman,https://media.formula1.com/d_driver_fallback_image.png/content/dam/fom-website/drivers/O/OLIBEA01_Oliver_Bearman/olibea01.png.transform/1col/image.png,,20.0,,,0 days 00:01:13.826000,,,,,,,12,Dutch Grand Prix
77,V BOTTAS,BOT,bottas,Cadillac,909090,cadillac,Valtteri,Bottas,Valtteri Bottas,https://media.formula1.com/d_driver_fallback_image.png/content/dam/fom-website/drivers/V/VALBOT01_Valtteri_Bottas/valbot01.png.transform/1col/image.png,,21.0,,,0 days 00:01:14.371000,,,,,,,12,Dutch Grand Prix
11,S PEREZ,PER,perez,Cadillac,909090,cadillac,Sergio,Perez,Sergio Perez,https://media.formula1.com/d_driver_fallback_image.png/content/dam/fom-website/drivers/S/SERPER01_Sergio_Perez/serper01.png.transform/1col/image.png,,22.0,,,0 days 00:01:14.600000,,,,,,,12,Dutch Grand Prix
10,P GASLY,GAS,gasly,Alpine,00A1E8,alpine,Pierre,Gasly,Pierre Gasly,https://media.formula1.com/d_driver_fallback_image.png/content/dam/fom-website/drivers/P/PIEGAS01_Pierre_Gasly/piegas01.png.transform/1col/image.png,,1.0,,,0 days 00:01:22.612000,0 days 00:01:22.077000,0 days 00:01:21.786000,,,,,13,Italian Grand Prix
63,G RUSSELL,RUS,russell,Mercedes,00D7B6,mercedes,George,Russell,George Russell,https://media.formula1.com/d_driver_fallback_image.png/content/dam/fom-website/drivers/G/GEORUS01_George_Russell/georus01.png.transform/1col/image.png,,2.0,,,0 days 00:01:22.779000,0 days 00:01:22.161000,0 days 00:01:21.846000,,,,,13,Italian Grand Prix
81,O PIASTRI,PIA,piastri,McLaren,F47600,mclaren,Oscar,Piastri,Oscar Piastri,https://media.formula1.com/d_driver_fallback_image.png/content/dam/fom-website/drivers/O/OSCPIA01_Oscar_Piastri/oscpia01.png.transform/1col/image.png,,3.0,,,0 days 00:01:22.924000,0 days 00:01:22.017000,0 days 00:01:21.966000,,,,,13,Italian Grand Prix
16,C LECLERC,LEC,leclerc,Ferrari,ED1131,ferrari,Charles,Leclerc,Charles Leclerc,https://media.formula1.com/d_driver_fallback_image.png/content/dam/fom-website/drivers/C/CHALEC01_Charles_Leclerc/chalec01.png.transform/1col/image.png,,4.0,,,0 days 00:01:22.902000,0 days 00:01:22.509000,0 days 00:01:22.004000,,,,,13,Italian Grand Prix
44,L HAMILTON,HAM,hamilton,Ferrari,ED1131,ferrari,Lewis,Hamilton,Lewis Hamilton,https://media.formula1.com/d_driver_fallback_image.png/content/dam/fom-website/drivers/L/LEWHAM01_Lewis_Hamilton/lewham01.png.transform/1col/image.png,,5.0,,,0 days 00:01:22.847000,0 days 00:01:22.516000,0 days 00:01:22.011000,,,,,13,Italian Grand Prix
3,M VERSTAPPEN,VER,max_verstappen,Red Bull Racing,4781D7,red_bull,Max,Verstappen,Max Verstappen,https://media.formula1.com/d_driver_fallback_image.png/content/dam/fom-website/drivers/M/MAXVER01_Max_Verstappen/maxver01.png.transform/1col/image.png,,6.0,,,0 days 00:01:22.631000,0 days 00:01:22.188000,0 days 00:01:22.070000,,,,,13,Italian Grand Prix
12,K ANTONELLI,ANT,antonelli,Mercedes,00D7B6,mercedes,Kimi,Antonelli,Kimi Antonelli,https://media.formula1.com/d_driver_fallback_image.png/content/dam/fom-website/drivers/K/ANDANT01_Kimi_Antonelli/andant01.png.transform/1col/image.png,,7.0,,,0 days 00:01:22.758000,0 days 00:01:21.882000,0 days 00:01:22.093000,,,,,13,Italian Grand Prix
43,F COLAPINTO,COL,colapinto,Alpine,00A1E8,alpine,Franco,Colapinto,Franco Colapinto,https://media.formula1.com/d_driver_fallback_image.png/content/dam/fom-website/drivers/F/FRACOL01_Franco_Colapinto/fracol01.png.transform/1col/image.png,,8.0,,,0 days 00:01:22.662000,0 days 00:01:22.400000,0 days 00:01:22.220000,,,,,13,Italian Grand Prix
1,L NORRIS,NOR,norris,McLaren,F47600,mclaren,Lando,Norris,Lando Norris,https://media.formula1.com/d_driver_fallback_image.png/content/dam/fom-website/drivers/L/LANNOR01_Lando_Norris/lannor01.png.transform/1col/image.png,,9.0,,,0 days 00:01:22.659000,0 days 00:01:22.067000,0 days 00:01:22.256000,,,,,13,Italian Grand Prix
41,A LINDBLAD,LIN,arvid_lindblad,Racing Bulls,6C98FF,rb,Arvid,Lindblad,Arvid Lindblad,https://media.formula1.com/d_driver_fallback_image.png/content/dam/fom-website/drivers/A/ARVLIN01_Arvid_Lindblad/arvlin01.png.transform/1col/image.png,,10.0,,,0 days 00:01:22.727000,0 days 00:01:22.345000,0 days 00:01:22.286000,,,,,13,Italian Grand Prix
5,G BORTOLETO,BOR,bortoleto,Audi,F50537,audi,Gabriel,Bortoleto,Gabriel Bortoleto,https://media.formula1.com/d_driver_fallback_image.png/content/dam/fom-website/drivers/G/GABBOR01_Gabriel_Bortoleto/gabbor01.png.transform/1col/image.png,,11.0,,,0 days 00:01:22.946000,0 days 00:01:22.517000,,,,,,13,Italian Grand Prix
87,O BEARMAN,BEA,bearman,Haas F1 Team,9C9FA2,haas,Oliver,Bearman,Oliver Bearman,https://media.formula1.com/d_driver_fallback_image.png/content/dam/fom-website/drivers/O/OLIBEA01_Oliver_Bearman/olibea01.png.transform/1col/image.png,,12.0,,,0 days 00:01:22.906000,0 days 00:01:22.756000,,,,,,13,Italian Grand Prix
27,N HULKENBERG,HUL,hulkenberg,Audi,F50537,audi,Nico,Hulkenberg,Nico Hulkenberg,https://media.formula1.com/d_driver_fallback_image.png/content/dam/fom-website/drivers/N/NICHUL01_Nico_Hulkenberg/nichul01.png.transform/1col/image.png,,13.0,,,0 days 00:01:23.440000,0 days 00:01:22.779000,,,,,,13,Italian Grand Prix
30,L LAWSON,LAW,lawson,Red Bull Racing,4781D7,red_bull,Liam,Lawson,Liam Lawson,https://media.formula1.com/d_driver_fallback_image.png/content/dam/fom-website/drivers/L/LIALAW01_Liam_Lawson/lialaw01.png.transform/1col/image.png,,14.0,,,0 days 00:01:22.989000,0 days 00:01:22.821000,,,,,,13,Italian Grand Prix
55,C SAINZ,SAI,sainz,Williams,1868DB,williams,Carlos,Sainz,Carlos Sainz,https://media.formula1.com/d_driver_fallback_image.png/content/dam/fom-website/drivers/C/CARSAI01_Carlos_Sainz/carsai01.png.transform/1col/image.png,,15.0,,,0 days 00:01:23.616000,0 days 00:01:23.453000,,,,,,13,Italian Grand Prix
31,E OCON,OCO,ocon,Haas F1 Team,9C9FA2,haas,Esteban,Ocon,Esteban Ocon,https://media.formula1.com/d_driver_fallback_image.png/content/dam/fom-website/drivers/E/ESTOCO01_Esteban_Ocon/estoco01.png.transform/1col/image.png,,16.0,,,0 days 00:01:23.466000,0 days 00:01:23.454000,,,,,,13,Italian Grand Prix
22,Y TSUNODA,TSU,tsunoda,Racing Bulls,6C98FF,rb,Yuki,Tsunoda,Yuki Tsunoda,None,,17.0,,,0 days 00:01:23.755000,,,,,,,13,Italian Grand Prix
23,A ALBON,ALB,albon,Williams,1868DB,williams,Alexander,Albon,Alexander Albon,https://media.formula1.com/d_driver_fallback_image.png/content/dam/fom-website/drivers/A/ALEALB01_Alexander_Albon/alealb01.png.transform/1col/image.png,,18.0,,,0 days 00:01:24.356000,,,,,,,13,Italian Grand Prix
77,V BOTTAS,BOT,bottas,Cadillac,909090,cadillac,Valtteri,Bottas,Valtteri Bottas,https://media.formula1.com/d_driver_fallback_image.png/content/dam/fom-website/drivers/V/VALBOT01_Valtteri_Bottas/valbot01.png.transform/1col/image.png,,19.0,,,0 days 00:01:24.364000,,,,,,,13,Italian Grand Prix
11,S PEREZ,PER,perez,Cadillac,909090,cadillac,Sergio,Perez,Sergio Perez,https://media.formula1.com/d_driver_fallback_image.png/content/dam/fom-website/drivers/S/SERPER01_Sergio_Perez/serper01.png.transform/1col/image.png,,20.0,,,0 days 00:01:24.595000,,,,,,,13,Italian Grand Prix
14,F ALONSO,ALO,alonso,Aston Martin,229971,aston_martin,Fernando,Alonso,Fernando Alonso,https://media.formula1.com/d_driver_fallback_image.png/content/dam/fom-website/drivers/F/FERALO01_Fernando_Alonso/feralo01.png.transform/1col/image.png,,21.0,,,0 days 00:01:25.150000,,,,,,,13,Italian Grand Prix
18,L STROLL,STR,stroll,Aston Martin,229971,aston_martin,Lance,Stroll,Lance Stroll,https://media.formula1.com/d_driver_fallback_image.png/content/dam/fom-website/drivers/L/LANSTR01_Lance_Stroll/lanstr01.png.transform/1col/image.png,,22.0,,,0 days 00:01:25.222000,,,,,,,13,Italian Grand Prix
1,L NORRIS,NOR,norris,McLaren,F47600,mclaren,Lando,Norris,Lando Norris,https://media.formula1.com/d_driver_fallback_image.png/content/dam/fom-website/drivers/L/LANNOR01_Lando_Norris/lannor01.png.transform/1col/image.png,,1.0,,,0 days 00:01:33.469000,0 days 00:01:32.873000,0 days 00:01:31.824000,,,,,14,Spanish Grand Prix
12,K ANTONELLI,ANT,antonelli,Mercedes,00D7B6,mercedes,Kimi,Antonelli,Kimi Antonelli,https://media.formula1.com/d_driver_fallback_image.png/content/dam/fom-website/drivers/K/ANDANT01_Kimi_Antonelli/andant01.png.transform/1col/image.png,,2.0,,,0 days 00:01:33.267000,0 days 00:01:32.591000,0 days 00:01:31.835000,,,,,14,Spanish Grand Prix
3,M VERSTAPPEN,VER,max_verstappen,Red Bull Racing,4781D7,red_bull,Max,Verstappen,Max Verstappen,https://media.formula1.com/d_driver_fallback_image.png/content/dam/fom-website/drivers/M/MAXVER01_Max_Verstappen/maxver01.png.transform/1col/image.png,,3.0,,,0 days 00:01:33.381000,0 days 00:01:32.431000,0 days 00:01:31.964000,,,,,14,Spanish Grand Prix
44,L HAMILTON,HAM,hamilton,Ferrari,ED1131,ferrari,Lewis,Hamilton,Lewis Hamilton,https://media.formula1.com/d_driver_fallback_image.png/content/dam/fom-website/drivers/L/LEWHAM01_Lewis_Hamilton/lewham01.png.transform/1col/image.png,,4.0,,,0 days 00:01:33.531000,0 days 00:01:32.710000,0 days 00:01:32.013000,,,,,14,Spanish Grand Prix
16,C LECLERC,LEC,leclerc,Ferrari,ED1131,ferrari,Charles,Leclerc,Charles Leclerc,https://media.formula1.com/d_driver_fallback_image.png/content/dam/fom-website/drivers/C/CHALEC01_Charles_Leclerc/chalec01.png.transform/1col/image.png,,5.0,,,0 days 00:01:33.532000,0 days 00:01:32.755000,0 days 00:01:32.019000,,,,,14,Spanish Grand Prix
63,G RUSSELL,RUS,russell,Mercedes,00D7B6,mercedes,George,Russell,George Russell,https://media.formula1.com/d_driver_fallback_image.png/content/dam/fom-website/drivers/G/GEORUS01_George_Russell/georus01.png.transform/1col/image.png,,6.0,,,0 days 00:01:33.211000,0 days 00:01:32.850000,0 days 00:01:32.149000,,,,,14,Spanish Grand Prix
81,O PIASTRI,PIA,piastri,McLaren,F47600,mclaren,Oscar,Piastri,Oscar Piastri,https://media.formula1.com/d_driver_fallback_image.png/content/dam/fom-website/drivers/O/OSCPIA01_Oscar_Piastri/oscpia01.png.transform/1col/image.png,,7.0,,,0 days 00:01:33.829000,0 days 00:01:33.204000,0 days 00:01:32.294000,,,,,14,Spanish Grand Prix
30,L LAWSON,LAW,lawson,Red Bull Racing,4781D7,red_bull,Liam,Lawson,Liam Lawson,https://media.formula1.com/d_driver_fallback_image.png/content/dam/fom-website/drivers/L/LIALAW01_Liam_Lawson/lialaw01.png.transform/1col/image.png,,8.0,,,0 days 00:01:33.310000,0 days 00:01:32.780000,0 days 00:01:32.316000,,,,,14,Spanish Grand Prix
43,F COLAPINTO,COL,colapinto,Alpine,00A1E8,alpine,Franco,Colapinto,Franco Colapinto,https://media.formula1.com/d_driver_fallback_image.png/content/dam/fom-website/drivers/F/FRACOL01_Franco_Colapinto/fracol01.png.transform/1col/image.png,,9.0,,,0 days 00:01:33.963000,0 days 00:01:33.038000,0 days 00:01:32.903000,,,,,14,Spanish Grand Prix
41,A LINDBLAD,LIN,arvid_lindblad,Racing Bulls,6C98FF,rb,Arvid,Lindblad,Arvid Lindblad,https://media.formula1.com/d_driver_fallback_image.png/content/dam/fom-website/drivers/A/ARVLIN01_Arvid_Lindblad/arvlin01.png.transform/1col/image.png,,10.0,,,0 days 00:01:34.340000,0 days 00:01:33.204000,0 days 00:01:33.041000,,,,,14,Spanish Grand Prix
27,N HULKENBERG,HUL,hulkenberg,Audi,F50537,audi,Nico,Hulkenberg,Nico Hulkenberg,https://media.formula1.com/d_driver_fallback_image.png/content/dam/fom-website/drivers/N/NICHUL01_Nico_Hulkenberg/nichul01.png.transform/1col/image.png,,11.0,,,0 days 00:01:34.417000,0 days 00:01:33.223000,,,,,,14,Spanish Grand Prix
5,G BORTOLETO,BOR,bortoleto,Audi,F50537,audi,Gabriel,Bortoleto,Gabriel Bortoleto,https://media.formula1.com/d_driver_fallback_image.png/content/dam/fom-website/drivers/G/GABBOR01_Gabriel_Bortoleto/gabbor01.png.transform/1col/image.png,,12.0,,,0 days 00:01:33.986000,0 days 00:01:33.388000,,,,,,14,Spanish Grand Prix
31,E OCON,OCO,ocon,Haas F1 Team,9C9FA2,haas,Esteban,Ocon,Esteban Ocon,https://media.formula1.com/d_driver_fallback_image.png/content/dam/fom-website/drivers/E/ESTOCO01_Esteban_Ocon/estoco01.png.transform/1col/image.png,,13.0,,,0 days 00:01:34.667000,0 days 00:01:33.667000,,,,,,14,Spanish Grand Prix
10,P GASLY,GAS,gasly,Alpine,00A1E8,alpine,Pierre,Gasly,Pierre Gasly,https://media.formula1.com/d_driver_fallback_image.png/content/dam/fom-website/drivers/P/PIEGAS01_Pierre_Gasly/piegas01.png.transform/1col/image.png,,14.0,,,0 days 00:01:34.246000,0 days 00:01:33.753000,,,,,,14,Spanish Grand Prix
22,Y TSUNODA,TSU,tsunoda,Racing Bulls,6C98FF,rb,Yuki,Tsunoda,Yuki Tsunoda,None,,15.0,,,0 days 00:01:34.311000,0 days 00:01:34.084000,,,,,,14,Spanish Grand Prix
23,A ALBON,ALB,albon,Williams,1868DB,williams,Alexander,Albon,Alexander Albon,https://media.formula1.com/d_driver_fallback_image.png/content/dam/fom-website/drivers/A/ALEALB01_Alexander_Albon/alealb01.png.transform/1col/image.png,,16.0,,,0 days 00:01:35.307000,0 days 00:01:35.532000,,,,,,14,Spanish Grand Prix
55,C SAINZ,SAI,sainz,Williams,1868DB,williams,Carlos,Sainz,Carlos Sainz,https://media.formula1.com/d_driver_fallback_image.png/content/dam/fom-website/drivers/C/CARSAI01_Carlos_Sainz/carsai01.png.transform/1col/image.png,,17.0,,,0 days 00:01:35.312000,,,,,,,14,Spanish Grand Prix
14,F ALONSO,ALO,alonso,Aston Martin,229971,aston_martin,Fernando,Alonso,Fernando Alonso,https://media.formula1.com/d_driver_fallback_image.png/content/dam/fom-website/drivers/F/FERALO01_Fernando_Alonso/feralo01.png.transform/1col/image.png,,18.0,,,0 days 00:01:35.388000,,,,,,,14,Spanish Grand Prix
11,S PEREZ,PER,perez,Cadillac,909090,cadillac,Sergio,Perez,Sergio Perez,https://media.formula1.com/d_driver_fallback_image.png/content/dam/fom-website/drivers/S/SERPER01_Sergio_Perez/serper01.png.transform/1col/image.png,,19.0,,,0 days 00:01:35.913000,,,,,,,14,Spanish Grand Prix
77,V BOTTAS,BOT,bottas,Cadillac,909090,cadillac,Valtteri,Bottas,Valtteri Bottas,https://media.formula1.com/d_driver_fallback_image.png/content/dam/fom-website/drivers/V/VALBOT01_Valtteri_Bottas/valbot01.png.transform/1col/image.png,,20.0,,,0 days 00:01:38.011000,,,,,,,14,Spanish Grand Prix
18,L STROLL,STR,nan,Aston Martin,229971,nan,Lance,Stroll,Lance Stroll,https://media.formula1.com/d_driver_fallback_image.png/content/dam/fom-website/drivers/L/LANSTR01_Lance_Stroll/lanstr01.png.transform/1col/image.png,,,,,,,,,,,,14,Spanish Grand Prix
87,O BEARMAN,BEA,nan,Haas F1 Team,9C9FA2,nan,Oliver,Bearman,Oliver Bearman,https://media.formula1.com/d_driver_fallback_image.png/content/dam/fom-website/drivers/O/OLIBEA01_Oliver_Bearman/olibea01.png.transform/1col/image.png,,,,,,,,,,,,14,Spanish Grand Prix
