Season,RaceId,Round,RaceName,Driver,Abbreviation,Constructor,QualifyingPosition,Q1,Q2,Q3,Q1Seconds,Q2Seconds,Q3Seconds
2026,1,1,Australian Grand Prix,George Russell,RUS,Mercedes,,,,,,,
2026,1,1,Australian Grand Prix,Lewis Hamilton,HAM,Ferrari,,,,,,,
2026,1,1,Australian Grand Prix,Charles Leclerc,LEC,Ferrari,,,,,,,
2026,1,1,Australian Grand Prix,Oscar Piastri,PIA,McLaren,,,,,,,
2026,1,1,Australian Grand Prix,Isack Hadjar,HAD,Red Bull Racing,,,,,,,
2026,1,1,Australian Grand Prix,Max Verstappen,VER,Red Bull Racing,,,,,,,
2026,1,1,Australian Grand Prix,Kimi Antonelli,ANT,Mercedes,,,,,,,
2026,1,1,Australian Grand Prix,Lando Norris,NOR,McLaren,,,,,,,
2026,1,1,Australian Grand Prix,Gabriel Bortoleto,BOR,Audi,,,,,,,
2026,1,1,Australian Grand Prix,Oliver Bearman,BEA,Haas F1 Team,,,,,,,
2026,1,1,Australian Grand Prix,Arvid Lindblad,LIN,Racing Bulls,,,,,,,
2026,1,1,Australian Grand Prix,Liam Lawson,LAW,Racing Bulls,,,,,,,
2026,1,1,Australian Grand Prix,Esteban Ocon,OCO,Haas F1 Team,,,,,,,
2026,1,1,Australian Grand Prix,Nico Hulkenberg,HUL,Audi,,,,,,,
2026,1,1,Australian Grand Prix,Pierre Gasly,GAS,Alpine,,,,,,,
2026,1,1,Australian Grand Prix,Franco Colapinto,COL,Alpine,,,,,,,
2026,1,1,Australian Grand Prix,Alexander Albon,ALB,Williams,,,,,,,
2026,1,1,Australian Grand Prix,Fernando Alonso,ALO,Aston Martin,,,,,,,
2026,1,1,Australian Grand Prix,Valtteri Bottas,BOT,Cadillac,,,,,,,
2026,1,1,Australian Grand Prix,Sergio Perez,PER,Cadillac,,,,,,,
2026,1,1,Australian Grand Prix,Carlos Sainz,SAI,Williams,,,,,,,
2026,1,1,Australian Grand Prix,Lance Stroll,STR,Aston Martin,,,,,,,
2026,2,2,Chinese Grand Prix,George Russell,RUS,Mercedes,,,,,,,
2026,2,2,Chinese Grand Prix,Kimi Antonelli,ANT,Mercedes,,,,,,,
2026,2,2,Chinese Grand Prix,Lando Norris,NOR,McLaren,,,,,,,
2026,2,2,Chinese Grand Prix,Oscar Piastri,PIA,McLaren,,,,,,,
2026,2,2,Chinese Grand Prix,Charles Leclerc,LEC,Ferrari,,,,,,,
2026,2,2,Chinese Grand Prix,Lewis Hamilton,HAM,Ferrari,,,,,,,
2026,2,2,Chinese Grand Prix,Oliver Bearman,BEA,Haas F1 Team,,,,,,,
2026,2,2,Chinese Grand Prix,Max Verstappen,VER,Red Bull Racing,,,,,,,
2026,2,2,Chinese Grand Prix,Nico Hulkenberg,HUL,Audi,,,,,,,
2026,2,2,Chinese Grand Prix,Pierre Gasly,GAS,Alpine,,,,,,,
2026,2,2,Chinese Grand Prix,Liam Lawson,LAW,Racing Bulls,,,,,,,
2026,2,2,Chinese Grand Prix,Gabriel Bortoleto,BOR,Audi,,,,,,,
2026,2,2,Chinese Grand Prix,Isack Hadjar,HAD,Red Bull Racing,,,,,,,
2026,2,2,Chinese Grand Prix,Esteban Ocon,OCO,Haas F1 Team,,,,,,,
2026,2,2,Chinese Grand Prix,Franco Colapinto,COL,Alpine,,,,,,,
2026,2,2,Chinese Grand Prix,Alexander Albon,ALB,Williams,,,,,,,
2026,2,2,Chinese Grand Prix,Carlos Sainz,SAI,Williams,,,,,,,
2026,2,2,Chinese Grand Prix,Fernando Alonso,ALO,Aston Martin,,,,,,,
2026,2,2,Chinese Grand Prix,Valtteri Bottas,BOT,Cadillac,,,,,,,
2026,2,2,Chinese Grand Prix,Lance Stroll,STR,Aston Martin,,,,,,,
2026,2,2,Chinese Grand Prix,Arvid Lindblad,LIN,Racing Bulls,,,,,,,
2026,2,2,Chinese Grand Prix,Sergio Perez,PER,Cadillac,,,,,,,
2026,3,3,Japanese Grand Prix,Kimi Antonelli,ANT,Mercedes,,,,,,,
2026,3,3,Japanese Grand Prix,George Russell,RUS,Mercedes,,,,,,,
2026,3,3,Japanese Grand Prix,Charles Leclerc,LEC,Ferrari,,,,,,,
2026,3,3,Japanese Grand Prix,Oscar Piastri,PIA,McLaren,,,,,,,
2026,3,3,Japanese Grand Prix,Lewis Hamilton,HAM,Ferrari,,,,,,,
2026,3,3,Japanese Grand Prix,Lando Norris,NOR,McLaren,,,,,,,
2026,3,3,Japanese Grand Prix,Nico Hulkenberg,HUL,Audi,,,,,,,
2026,3,3,Japanese Grand Prix,Max Verstappen,VER,Red Bull Racing,,,,,,,
2026,3,3,Japanese Grand Prix,Gabriel Bortoleto,BOR,Audi,,,,,,,
2026,3,3,Japanese Grand Prix,Pierre Gasly,GAS,Alpine,,,,,,,
2026,3,3,Japanese Grand Prix,Isack Hadjar,HAD,Red Bull Racing,,,,,,,
2026,3,3,Japanese Grand Prix,Liam Lawson,LAW,Racing Bulls,,,,,,,
2026,3,3,Japanese Grand Prix,Arvid Lindblad,LIN,Racing Bulls,,,,,,,
2026,3,3,Japanese Grand Prix,Esteban Ocon,OCO,Haas F1 Team,,,,,,,
2026,3,3,Japanese Grand Prix,Oliver Bearman,BEA,Haas F1 Team,,,,,,,
2026,3,3,Japanese Grand Prix,Alexander Albon,ALB,Williams,,,,,,,
2026,3,3,Japanese Grand Prix,Franco Colapinto,COL,Alpine,,,,,,,
2026,3,3,Japanese Grand Prix,Carlos Sainz,SAI,Williams,,,,,,,
2026,3,3,Japanese Grand Prix,Valtteri Bottas,BOT,Cadillac,,,,,,,
2026,3,3,Japanese Grand Prix,Sergio Perez,PER,Cadillac,,,,,,,
2026,3,3,Japanese Grand Prix,Lance Stroll,STR,Aston Martin,,,,,,,
2026,3,3,Japanese Grand Prix,Fernando Alonso,ALO,Aston Martin,,,,,,,
2026,4,4,Miami Grand Prix,Charles Leclerc,LEC,Ferrari,,,,,,,
2026,4,4,Miami Grand Prix,Max Verstappen,VER,Red Bull Racing,,,,,,,
2026,4,4,Miami Grand Prix,Oscar Piastri,PIA,McLaren,,,,,,,
2026,4,4,Miami Grand Prix,Lewis Hamilton,HAM,Ferrari,,,,,,,
2026,4,4,Miami Grand Prix,Kimi Antonelli,ANT,Mercedes,,,,,,,
2026,4,4,Miami Grand Prix,George Russell,RUS,Mercedes,,,,,,,
2026,4,4,Miami Grand Prix,Lando Norris,NOR,McLaren,,,,,,,
2026,4,4,Miami Grand Prix,Pierre Gasly,GAS,Alpine,,,,,,,
2026,4,4,Miami Grand Prix,Isack Hadjar,HAD,Red Bull Racing,,,,,,,
2026,4,4,Miami Grand Prix,Carlos Sainz,SAI,Williams,,,,,,,
2026,4,4,Miami Grand Prix,Franco Colapinto,COL,Alpine,,,,,,,
2026,4,4,Miami Grand Prix,Alexander Albon,ALB,Williams,,,,,,,
2026,4,4,Miami Grand Prix,Oliver Bearman,BEA,Haas F1 Team,,,,,,,
2026,4,4,Miami Grand Prix,Gabriel Bortoleto,BOR,Audi,,,,,,,
2026,4,4,Miami Grand Prix,Nico Hulkenberg,HUL,Audi,,,,,,,
2026,4,4,Miami Grand Prix,Esteban Ocon,OCO,Haas F1 Team,,,,,,,
2026,4,4,Miami Grand Prix,Liam Lawson,LAW,Racing Bulls,,,,,,,
2026,4,4,Miami Grand Prix,Sergio Perez,PER,Cadillac,,,,,,,
2026,4,4,Miami Grand Prix,Fernando Alonso,ALO,Aston Martin,,,,,,,
2026,4,4,Miami Grand Prix,Valtteri Bottas,BOT,Cadillac,,,,,,,
2026,4,4,Miami Grand Prix,Arvid Lindblad,LIN,Racing Bulls,,,,,,,
2026,4,4,Miami Grand Prix,Lance Stroll,STR,Aston Martin,,,,,,,
2026,5,5,Canadian Grand Prix,Kimi Antonelli,ANT,Mercedes,,,,,,,
2026,5,5,Canadian Grand Prix,George Russell,RUS,Mercedes,,,,,,,
2026,5,5,Canadian Grand Prix,Lewis Hamilton,HAM,Ferrari,,,,,,,
2026,5,5,Canadian Grand Prix,Charles Leclerc,LEC,Ferrari,,,,,,,
2026,5,5,Canadian Grand Prix,Max Verstappen,VER,Red Bull Racing,,,,,,,
2026,5,5,Canadian Grand Prix,Lando Norris,NOR,McLaren,,,,,,,
2026,5,5,Canadian Grand Prix,Oscar Piastri,PIA,McLaren,,,,,,,
2026,5,5,Canadian Grand Prix,Arvid Lindblad,LIN,Racing Bulls,,,,,,,
2026,5,5,Canadian Grand Prix,Nico Hulkenberg,HUL,Audi,,,,,,,
2026,5,5,Canadian Grand Prix,Fernando Alonso,ALO,Aston Martin,,,,,,,
2026,5,5,Canadian Grand Prix,Gabriel Bortoleto,BOR,Audi,,,,,,,
2026,5,5,Canadian Grand Prix,Isack Hadjar,HAD,Red Bull Racing,,,,,,,
2026,5,5,Canadian Grand Prix,Esteban Ocon,OCO,Haas F1 Team,,,,,,,
2026,5,5,Canadian Grand Prix,Alexander Albon,ALB,Williams,,,,,,,
2026,5,5,Canadian Grand Prix,Carlos Sainz,SAI,Williams,,,,,,,
2026,5,5,Canadian Grand Prix,Pierre Gasly,GAS,Alpine,,,,,,,
2026,5,5,Canadian Grand Prix,Lance Stroll,STR,Aston Martin,,,,,,,
2026,5,5,Canadian Grand Prix,Liam Lawson,LAW,Racing Bulls,,,,,,,
2026,5,5,Canadian Grand Prix,Oliver Bearman,BEA,Haas F1 Team,,,,,,,
2026,5,5,Canadian Grand Prix,Valtteri Bottas,BOT,Cadillac,,,,,,,
2026,5,5,Canadian Grand Prix,Sergio Perez,PER,Cadillac,,,,,,,
2026,5,5,Canadian Grand Prix,Franco Colapinto,COL,Alpine,,,,,,,
2026,6,6,Monaco Grand Prix,Kimi Antonelli,ANT,Mercedes,,,,,,,
2026,6,6,Monaco Grand Prix,Charles Leclerc,LEC,Ferrari,,,,,,,
2026,6,6,Monaco Grand Prix,Lewis Hamilton,HAM,Ferrari,,,,,,,
2026,6,6,Monaco Grand Prix,George Russell,RUS,Mercedes,,,,,,,
2026,6,6,Monaco Grand Prix,Max Verstappen,VER,Red Bull Racing,,,,,,,
2026,6,6,Monaco Grand Prix,Oscar Piastri,PIA,McLaren,,,,,,,
2026,6,6,Monaco Grand Prix,Gabriel Bortoleto,BOR,Audi,,,,,,,
2026,6,6,Monaco Grand Prix,Isack Hadjar,HAD,Red Bull Racing,,,,,,,
2026,6,6,Monaco Grand Prix,Lando Norris,NOR,McLaren,,,,,,,
2026,6,6,Monaco Grand Prix,Nico Hulkenberg,HUL,Audi,,,,,,,
2026,6,6,Monaco Grand Prix,Esteban Ocon,OCO,Haas F1 Team,,,,,,,
2026,6,6,Monaco Grand Prix,Carlos Sainz,SAI,Williams,,,,,,,
2026,6,6,Monaco Grand Prix,Pierre Gasly,GAS,Alpine,,,,,,,
2026,6,6,Monaco Grand Prix,Oliver Bearman,BEA,Haas F1 Team,,,,,,,
2026,6,6,Monaco Grand Prix,Liam Lawson,LAW,Racing Bulls,,,,,,,
2026,6,6,Monaco Grand Prix,Alexander Albon,ALB,Williams,,,,,,,
2026,6,6,Monaco Grand Prix,Arvid Lindblad,LIN,Racing Bulls,,,,,,,
2026,6,6,Monaco Grand Prix,Sergio Perez,PER,Cadillac,,,,,,,
2026,6,6,Monaco Grand Prix,Franco Colapinto,COL,Alpine,,,,,,,
2026,6,6,Monaco Grand Prix,Valtteri Bottas,BOT,Cadillac,,,,,,,
2026,6,6,Monaco Grand Prix,Fernando Alonso,ALO,Aston Martin,,,,,,,
2026,6,6,Monaco Grand Prix,Lance Stroll,STR,Aston Martin,,,,,,,
2026,7,7,Barcelona Grand Prix,George Russell,RUS,Mercedes,,,,,,,
2026,7,7,Barcelona Grand Prix,Oscar Piastri,PIA,McLaren,,,,,,,
2026,7,7,Barcelona Grand Prix,Charles Leclerc,LEC,Ferrari,,,,,,,
2026,7,7,Barcelona Grand Prix,Lando Norris,NOR,McLaren,,,,,,,
2026,7,7,Barcelona Grand Prix,Lewis Hamilton,HAM,Ferrari,,,,,,,
2026,7,7,Barcelona Grand Prix,Max Verstappen,VER,Red Bull Racing,,,,,,,
2026,7,7,Barcelona Grand Prix,Kimi Antonelli,ANT,Mercedes,,,,,,,
2026,7,7,Barcelona Grand Prix,Isack Hadjar,HAD,Red Bull Racing,,,,,,,
2026,7,7,Barcelona Grand Prix,Nico Hulkenberg,HUL,Audi,,,,,,,
2026,7,7,Barcelona Grand Prix,Arvid Lindblad,LIN,Racing Bulls,,,,,,,
2026,7,7,Barcelona Grand Prix,Gabriel Bortoleto,BOR,Audi,,,,,,,
2026,7,7,Barcelona Grand Prix,Liam Lawson,LAW,Racing Bulls,,,,,,,
2026,7,7,Barcelona Grand Prix,Pierre Gasly,GAS,Alpine,,,,,,,
2026,7,7,Barcelona Grand Prix,Franco Colapinto,COL,Alpine,,,,,,,
2026,7,7,Barcelona Grand Prix,Carlos Sainz,SAI,Williams,,,,,,,
2026,7,7,Barcelona Grand Prix,Esteban Ocon,OCO,Haas F1 Team,,,,,,,
2026,7,7,Barcelona Grand Prix,Oliver Bearman,BEA,Haas F1 Team,,,,,,,
2026,7,7,Barcelona Grand Prix,Alexander Albon,ALB,Williams,,,,,,,
2026,7,7,Barcelona Grand Prix,Sergio Perez,PER,Cadillac,,,,,,,
2026,7,7,Barcelona Grand Prix,Fernando Alonso,ALO,Aston Martin,,,,,,,
2026,7,7,Barcelona Grand Prix,Valtteri Bottas,BOT,Cadillac,,,,,,,
2026,7,7,Barcelona Grand Prix,Lance Stroll,STR,Aston Martin,,,,,,,
2026,8,8,Austrian Grand Prix,George Russell,RUS,Mercedes,,,,,,,
2026,8,8,Austrian Grand Prix,Kimi Antonelli,ANT,Mercedes,,,,,,,
2026,8,8,Austrian Grand Prix,Lewis Hamilton,HAM,Ferrari,,,,,,,
2026,8,8,Austrian Grand Prix,Oscar Piastri,PIA,McLaren,,,,,,,
2026,8,8,Austrian Grand Prix,Lando Norris,NOR,McLaren,,,,,,,
2026,8,8,Austrian Grand Prix,Max Verstappen,VER,Red Bull Racing,,,,,,,
2026,8,8,Austrian Grand Prix,Charles Leclerc,LEC,Ferrari,,,,,,,
2026,8,8,Austrian Grand Prix,Isack Hadjar,HAD,Red Bull Racing,,,,,,,
2026,8,8,Austrian Grand Prix,Liam Lawson,LAW,Racing Bulls,,,,,,,
2026,8,8,Austrian Grand Prix,Arvid Lindblad,LIN,Racing Bulls,,,,,,,
2026,8,8,Austrian Grand Prix,Pierre Gasly,GAS,Alpine,,,,,,,
2026,8,8,Austrian Grand Prix,Nico Hulkenberg,HUL,Audi,,,,,,,
2026,8,8,Austrian Grand Prix,Gabriel Bortoleto,BOR,Audi,,,,,,,
2026,8,8,Austrian Grand Prix,Franco Colapinto,COL,Alpine,,,,,,,
2026,8,8,Austrian Grand Prix,Oliver Bearman,BEA,Haas F1 Team,,,,,,,
2026,8,8,Austrian Grand Prix,Esteban Ocon,OCO,Haas F1 Team,,,,,,,
2026,8,8,Austrian Grand Prix,Carlos Sainz,SAI,Williams,,,,,,,
2026,8,8,Austrian Grand Prix,Alexander Albon,ALB,Williams,,,,,,,
2026,8,8,Austrian Grand Prix,Sergio Perez,PER,Cadillac,,,,,,,
2026,8,8,Austrian Grand Prix,Valtteri Bottas,BOT,Cadillac,,,,,,,
2026,8,8,Austrian Grand Prix,Fernando Alonso,ALO,Aston Martin,,,,,,,
2026,8,8,Austrian Grand Prix,Lance Stroll,STR,Aston Martin,,,,,,,
2026,9,9,British Grand Prix,Lewis Hamilton,HAM,Ferrari,,,,,,,
2026,9,9,British Grand Prix,Kimi Antonelli,ANT,Mercedes,,,,,,,
2026,9,9,British Grand Prix,Charles Leclerc,LEC,Ferrari,,,,,,,
2026,9,9,British Grand Prix,George Russell,RUS,Mercedes,,,,,,,
2026,9,9,British Grand Prix,Oscar Piastri,PIA,McLaren,,,,,,,
2026,9,9,British Grand Prix,Max Verstappen,VER,Red Bull Racing,,,,,,,
2026,9,9,British Grand Prix,Lando Norris,NOR,McLaren,,,,,,,
2026,9,9,British Grand Prix,Isack Hadjar,HAD,Red Bull Racing,,,,,,,
2026,9,9,British Grand Prix,Nico Hulkenberg,HUL,Audi,,,,,,,
2026,9,9,British Grand Prix,Liam Lawson,LAW,Racing Bulls,,,,,,,
2026,9,9,British Grand Prix,Franco Colapinto,COL,Alpine,,,,,,,
2026,9,9,British Grand Prix,Gabriel Bortoleto,BOR,Audi,,,,,,,
2026,9,9,British Grand Prix,Arvid Lindblad,LIN,Racing Bulls,,,,,,,
2026,9,9,British Grand Prix,Oliver Bearman,BEA,Haas F1 Team,,,,,,,
2026,9,9,British Grand Prix,Carlos Sainz,SAI,Williams,,,,,,,
2026,9,9,British Grand Prix,Esteban Ocon,OCO,Haas F1 Team,,,,,,,
2026,9,9,British Grand Prix,Alexander Albon,ALB,Williams,,,,,,,
2026,9,9,British Grand Prix,Valtteri Bottas,BOT,Cadillac,,,,,,,
2026,9,9,British Grand Prix,Sergio Perez,PER,Cadillac,,,,,,,
2026,9,9,British Grand Prix,Fernando Alonso,ALO,Aston Martin,,,,,,,
2026,9,9,British Grand Prix,Pierre Gasly,GAS,Alpine,,,,,,,
2026,9,9,British Grand Prix,Lance Stroll,STR,Aston Martin,,,,,,,
2026,10,10,Belgian Grand Prix,Kimi Antonelli,ANT,Mercedes,,,,,,,
2026,10,10,Belgian Grand Prix,Lando Norris,NOR,McLaren,,,,,,,
2026,10,10,Belgian Grand Prix,Max Verstappen,VER,Red Bull Racing,,,,,,,
2026,10,10,Belgian Grand Prix,George Russell,RUS,Mercedes,,,,,,,
2026,10,10,Belgian Grand Prix,Lewis Hamilton,HAM,Ferrari,,,,,,,
2026,10,10,Belgian Grand Prix,Charles Leclerc,LEC,Ferrari,,,,,,,
2026,10,10,Belgian Grand Prix,Oscar Piastri,PIA,McLaren,,,,,,,
2026,10,10,Belgian Grand Prix,Nico Hulkenberg,HUL,Audi,,,,,,,
2026,10,10,Belgian Grand Prix,Gabriel Bortoleto,BOR,Audi,,,,,,,
2026,10,10,Belgian Grand Prix,Isack Hadjar,HAD,Red Bull Racing,,,,,,,
2026,10,10,Belgian Grand Prix,Arvid Lindblad,LIN,Racing Bulls,,,,,,,
2026,10,10,Belgian Grand Prix,Liam Lawson,LAW,Racing Bulls,,,,,,,
2026,10,10,Belgian Grand Prix,Franco Colapinto,COL,Alpine,,,,,,,
2026,10,10,Belgian Grand Prix,Oliver Bearman,BEA,Haas F1 Team,,,,,,,
2026,10,10,Belgian Grand Prix,Pierre Gasly,GAS,Alpine,,,,,,,
2026,10,10,Belgian Grand Prix,Alexander Albon,ALB,Williams,,,,,,,
2026,10,10,Belgian Grand Prix,Valtteri Bottas,BOT,Cadillac,,,,,,,
2026,10,10,Belgian Grand Prix,Carlos Sainz,SAI,Williams,,,,,,,
2026,10,10,Belgian Grand Prix,Esteban Ocon,OCO,Haas F1 Team,,,,,,,
2026,10,10,Belgian Grand Prix,Sergio Perez,PER,Cadillac,,,,,,,
2026,10,10,Belgian Grand Prix,Fernando Alonso,ALO,Aston Martin,,,,,,,
2026,10,10,Belgian Grand Prix,Lance Stroll,STR,Aston Martin,,,,,,,
2026,11,11,Hungarian Grand Prix,Lando Norris,NOR,McLaren,,,,,,,
2026,11,11,Hungarian Grand Prix,Lewis Hamilton,HAM,Ferrari,,,,,,,
2026,11,11,Hungarian Grand Prix,Kimi Antonelli,ANT,Mercedes,,,,,,,
2026,11,11,Hungarian Grand Prix,Charles Leclerc,LEC,Ferrari,,,,,,,
2026,11,11,Hungarian Grand Prix,Oscar Piastri,PIA,McLaren,,,,,,,
2026,11,11,Hungarian Grand Prix,George Russell,RUS,Mercedes,,,,,,,
2026,11,11,Hungarian Grand Prix,Max Verstappen,VER,Red Bull Racing,,,,,,,
2026,11,11,Hungarian Grand Prix,Isack Hadjar,HAD,Red Bull Racing,,,,,,,
2026,11,11,Hungarian Grand Prix,Liam Lawson,LAW,Racing Bulls,,,,,,,
2026,11,11,Hungarian Grand Prix,Nico Hulkenberg,HUL,Audi,,,,,,,
2026,11,11,Hungarian Grand Prix,Gabriel Bortoleto,BOR,Audi,,,,,,,
2026,11,11,Hungarian Grand Prix,Pierre Gasly,GAS,Alpine,,,,,,,
2026,11,11,Hungarian Grand Prix,Arvid Lindblad,LIN,Racing Bulls,,,,,,,
2026,11,11,Hungarian Grand Prix,Franco Colapinto,COL,Alpine,,,,,,,
2026,11,11,Hungarian Grand Prix,Esteban Ocon,OCO,Haas F1 Team,,,,,,,
2026,11,11,Hungarian Grand Prix,Oliver Bearman,BEA,Haas F1 Team,,,,,,,
2026,11,11,Hungarian Grand Prix,Fernando Alonso,ALO,Aston Martin,,,,,,,
2026,11,11,Hungarian Grand Prix,Lance Stroll,STR,Aston Martin,,,,,,,
2026,11,11,Hungarian Grand Prix,Valtteri Bottas,BOT,Cadillac,,,,,,,
2026,11,11,Hungarian Grand Prix,Carlos Sainz,SAI,Williams,,,,,,,
2026,11,11,Hungarian Grand Prix,Alexander Albon,ALB,Williams,,,,,,,
2026,11,11,Hungarian Grand Prix,Sergio Perez,PER,Cadillac,,,,,,,
2026,12,12,Dutch Grand Prix,Kimi Antonelli,ANT,Mercedes,,,,,,,
2026,12,12,Dutch Grand Prix,Lando Norris,NOR,McLaren,,,,,,,
2026,12,12,Dutch Grand Prix,George Russell,RUS,Mercedes,,,,,,,
2026,12,12,Dutch Grand Prix,Lewis Hamilton,HAM,Ferrari,,,,,,,
2026,12,12,Dutch Grand Prix,Charles Leclerc,LEC,Ferrari,,,,,,,
2026,12,12,Dutch Grand Prix,Oscar Piastri,PIA,McLaren,,,,,,,
2026,12,12,Dutch Grand Prix,Nico Hulkenberg,HUL,Audi,,,,,,,
2026,12,12,Dutch Grand Prix,Pierre Gasly,GAS,Alpine,,,,,,,
2026,12,12,Dutch Grand Prix,Gabriel Bortoleto,BOR,Audi,,,,,,,
2026,12,12,Dutch Grand Prix,Arvid Lindblad,LIN,Racing Bulls,,,,,,,
2026,12,12,Dutch Grand Prix,Max Verstappen,VER,Red Bull Racing,,,,,,,
2026,12,12,Dutch Grand Prix,Fernando Alonso,ALO,Aston Martin,,,,,,,
2026,12,12,Dutch Grand Prix,Franco Colapinto,COL,Alpine,,,,,,,
2026,12,12,Dutch Grand Prix,Liam Lawson,LAW,Red Bull Racing,,,,,,,
2026,12,12,Dutch Grand Prix,Oliver Bearman,BEA,Haas F1 Team,,,,,,,
2026,12,12,Dutch Grand Prix,Esteban Ocon,OCO,Haas F1 Team,,,,,,,
2026,12,12,Dutch Grand Prix,Yuki Tsunoda,TSU,Racing Bulls,,,,,,,
2026,12,12,Dutch Grand Prix,Lance Stroll,STR,Aston Martin,,,,,,,
2026,12,12,Dutch Grand Prix,Alexander Albon,ALB,Williams,,,,,,,
2026,12,12,Dutch Grand Prix,Valtteri Bottas,BOT,Cadillac,,,,,,,
2026,12,12,Dutch Grand Prix,Sergio Perez,PER,Cadillac,,,,,,,
2026,12,12,Dutch Grand Prix,Carlos Sainz,SAI,Williams,,,,,,,
2026,13,13,Italian Grand Prix,George Russell,RUS,Mercedes,,,,,,,
2026,13,13,Italian Grand Prix,Lewis Hamilton,HAM,Ferrari,,,,,,,
2026,13,13,Italian Grand Prix,Max Verstappen,VER,Red Bull Racing,,,,,,,
2026,13,13,Italian Grand Prix,Kimi Antonelli,ANT,Mercedes,,,,,,,
2026,13,13,Italian Grand Prix,Lando Norris,NOR,McLaren,,,,,,,
2026,13,13,Italian Grand Prix,Charles Leclerc,LEC,Ferrari,,,,,,,
2026,13,13,Italian Grand Prix,Arvid Lindblad,LIN,Racing Bulls,,,,,,,
2026,13,13,Italian Grand Prix,Oscar Piastri,PIA,McLaren,,,,,,,
2026,13,13,Italian Grand Prix,Pierre Gasly,GAS,Alpine,,,,,,,
2026,13,13,Italian Grand Prix,Franco Colapinto,COL,Alpine,,,,,,,
2026,13,13,Italian Grand Prix,Nico Hulkenberg,HUL,Audi,,,,,,,
2026,13,13,Italian Grand Prix,Liam Lawson,LAW,Red Bull Racing,,,,,,,
2026,13,13,Italian Grand Prix,Gabriel Bortoleto,BOR,Audi,,,,,,,
2026,13,13,Italian Grand Prix,Oliver Bearman,BEA,Haas F1 Team,,,,,,,
2026,13,13,Italian Grand Prix,Yuki Tsunoda,TSU,Racing Bulls,,,,,,,
2026,13,13,Italian Grand Prix,Carlos Sainz,SAI,Williams,,,,,,,
2026,13,13,Italian Grand Prix,Esteban Ocon,OCO,Haas F1 Team,,,,,,,
2026,13,13,Italian Grand Prix,Alexander Albon,ALB,Williams,,,,,,,
2026,13,13,Italian Grand Prix,Fernando Alonso,ALO,Aston Martin,,,,,,,
2026,13,13,Italian Grand Prix,Valtteri Bottas,BOT,Cadillac,,,,,,,
2026,13,13,Italian Grand Prix,Sergio Perez,PER,Cadillac,,,,,,,
2026,13,13,Italian Grand Prix,Lance Stroll,STR,Aston Martin,,,,,,,
2026,14,14,Spanish Grand Prix,Kimi Antonelli,ANT,Mercedes,,,,,,,
2026,14,14,Spanish Grand Prix,Charles Leclerc,LEC,Ferrari,,,,,,,
2026,14,14,Spanish Grand Prix,Oscar Piastri,PIA,McLaren,,,,,,,
2026,14,14,Spanish Grand Prix,Lando Norris,NOR,McLaren,,,,,,,
2026,14,14,Spanish Grand Prix,Max Verstappen,VER,Red Bull Racing,,,,,,,
2026,14,14,Spanish Grand Prix,George Russell,RUS,Mercedes,,,,,,,
2026,14,14,Spanish Grand Prix,Liam Lawson,LAW,Red Bull Racing,,,,,,,
2026,14,14,Spanish Grand Prix,Nico Hulkenberg,HUL,Audi,,,,,,,
2026,14,14,Spanish Grand Prix,Lewis Hamilton,HAM,Ferrari,,,,,,,
2026,14,14,Spanish Grand Prix,Gabriel Bortoleto,BOR,Audi,,,,,,,
2026,14,14,Spanish Grand Prix,Franco Colapinto,COL,Alpine,,,,,,,
2026,14,14,Spanish Grand Prix,Esteban Ocon,OCO,Haas F1 Team,,,,,,,
2026,14,14,Spanish Grand Prix,Oliver Bearman,BEA,Haas F1 Team,,,,,,,
2026,14,14,Spanish Grand Prix,Arvid Lindblad,LIN,Racing Bulls,,,,,,,
2026,14,14,Spanish Grand Prix,Yuki Tsunoda,TSU,Racing Bulls,,,,,,,
2026,14,14,Spanish Grand Prix,Pierre Gasly,GAS,Alpine,,,,,,,
2026,14,14,Spanish Grand Prix,Fernando Alonso,ALO,Aston Martin,,,,,,,
2026,14,14,Spanish Grand Prix,Carlos Sainz,SAI,Williams,,,,,,,
2026,14,14,Spanish Grand Prix,Lance Stroll,STR,Aston Martin,,,,,,,
2026,14,14,Spanish Grand Prix,Sergio Perez,PER,Cadillac,,,,,,,
2026,14,14,Spanish Grand Prix,Valtteri Bottas,BOT,Cadillac,,,,,,,
2026,14,14,Spanish Grand Prix,Alexander Albon,ALB,Williams,,,,,,,
