Season,RaceId,Round,RaceName,RaceDate,SessionType,Driver,Abbreviation,DriverNumber,Constructor,Position,ClassifiedPosition,GridPosition,Points,PointsSource,Laps,Status,TimeSeconds,FastestLapNumber,FastestLapSeconds,FastestLapTime,FastestLapRank
2026,1,1,Australian Grand Prix,2026-03-08,Race,George Russell,RUS,63,Mercedes,1.0,,,25.0,computed_from_position,,,,21.0,82.67,1:22.670,6.0
2026,1,1,Australian Grand Prix,2026-03-08,Race,Kimi Antonelli,ANT,12,Mercedes,2.0,,,18.0,computed_from_position,,,,57.0,82.417,1:22.417,3.0
2026,1,1,Australian Grand Prix,2026-03-08,Race,Charles Leclerc,LEC,16,Ferrari,3.0,,,15.0,computed_from_position,,,,38.0,82.579,1:22.579,5.0
2026,1,1,Australian Grand Prix,2026-03-08,Race,Lewis Hamilton,HAM,44,Ferrari,4.0,,,12.0,computed_from_position,,,,55.0,82.423,1:22.423,4.0
2026,1,1,Australian Grand Prix,2026-03-08,Race,Lando Norris,NOR,1,McLaren,5.0,,,10.0,computed_from_position,,,,53.0,82.358,1:22.358,2.0
2026,1,1,Australian Grand Prix,2026-03-08,Race,Max Verstappen,VER,3,Red Bull Racing,6.0,,,8.0,computed_from_position,,,,43.0,82.091,1:22.091,1.0
2026,1,1,Australian Grand Prix,2026-03-08,Race,Oliver Bearman,BEA,87,Haas F1 Team,7.0,,,6.0,computed_from_position,,,,22.0,84.02,1:24.020,11.0
2026,1,1,Australian Grand Prix,2026-03-08,Race,Arvid Lindblad,LIN,41,Racing Bulls,8.0,,,4.0,computed_from_position,,,,21.0,84.182,1:24.182,12.0
2026,1,1,Australian Grand Prix,2026-03-08,Race,Gabriel Bortoleto,BOR,5,Audi,9.0,,,2.0,computed_from_position,,,,45.0,83.257,1:23.257,8.0
2026,1,1,Australian Grand Prix,2026-03-08,Race,Pierre Gasly,GAS,10,Alpine,10.0,,,1.0,computed_from_position,,,,56.0,84.486,1:24.486,15.0
2026,1,1,Australian Grand Prix,2026-03-08,Race,Esteban Ocon,OCO,31,Haas F1 Team,11.0,,,0.0,computed_from_position,,,,25.0,84.424,1:24.424,14.0
2026,1,1,Australian Grand Prix,2026-03-08,Race,Alexander Albon,ALB,23,Williams,12.0,,,0.0,computed_from_position,,,,36.0,84.375,1:24.375,13.0
2026,1,1,Australian Grand Prix,2026-03-08,Race,Liam Lawson,LAW,30,Racing Bulls,13.0,,,0.0,computed_from_position,,,,47.0,83.783,1:23.783,10.0
2026,1,1,Australian Grand Prix,2026-03-08,Race,Franco Colapinto,COL,43,Alpine,14.0,,,0.0,computed_from_position,,,,48.0,82.926,1:22.926,7.0
2026,1,1,Australian Grand Prix,2026-03-08,Race,Carlos Sainz,SAI,55,Williams,15.0,,,0.0,computed_from_position,,,,52.0,83.59,1:23.590,9.0
2026,1,1,Australian Grand Prix,2026-03-08,Race,Sergio Perez,PER,11,Cadillac,16.0,,,0.0,computed_from_position,,,,47.0,86.07,1:26.070,19.0
2026,1,1,Australian Grand Prix,2026-03-08,Race,Lance Stroll,STR,18,Aston Martin,17.0,,,0.0,computed_from_position,,,,36.0,85.41,1:25.410,17.0
2026,1,1,Australian Grand Prix,2026-03-08,Race,Fernando Alonso,ALO,14,Aston Martin,18.0,,,0.0,computed_from_position,,,,15.0,85.713,1:25.713,18.0
2026,1,1,Australian Grand Prix,2026-03-08,Race,Valtteri Bottas,BOT,77,Cadillac,19.0,,,0.0,computed_from_position,,,,8.0,87.364,1:27.364,20.0
2026,1,1,Australian Grand Prix,2026-03-08,Race,Isack Hadjar,HAD,6,Red Bull Racing,20.0,,,0.0,computed_from_position,,,,9.0,85.239,1:25.239,16.0
2026,1,1,Australian Grand Prix,2026-03-08,Race,Nico Hulkenberg,HUL,27,Audi,21.0,,,0.0,computed_from_position,,,,,,,
2026,1,1,Australian Grand Prix,2026-03-08,Race,Oscar Piastri,PIA,81,McLaren,,,,0.0,computed_from_position,,,,,,,
2026,2,2,Chinese Grand Prix,2026-03-15,Race,Kimi Antonelli,ANT,12,Mercedes,1.0,,,25.0,computed_from_position,,,,52.0,95.275,1:35.275,1.0
2026,2,2,Chinese Grand Prix,2026-03-15,Race,George Russell,RUS,63,Mercedes,2.0,,,18.0,computed_from_position,,,,56.0,95.4,1:35.400,2.0
2026,2,2,Chinese Grand Prix,2026-03-15,Race,Lewis Hamilton,HAM,44,Ferrari,3.0,,,15.0,computed_from_position,,,,55.0,96.092,1:36.092,5.0
2026,2,2,Chinese Grand Prix,2026-03-15,Race,Charles Leclerc,LEC,16,Ferrari,4.0,,,12.0,computed_from_position,,,,56.0,96.011,1:36.011,4.0
2026,2,2,Chinese Grand Prix,2026-03-15,Race,Oliver Bearman,BEA,87,Haas F1 Team,5.0,,,10.0,computed_from_position,,,,56.0,96.429,1:36.429,8.0
2026,2,2,Chinese Grand Prix,2026-03-15,Race,Pierre Gasly,GAS,10,Alpine,6.0,,,8.0,computed_from_position,,,,53.0,96.505,1:36.505,9.0
2026,2,2,Chinese Grand Prix,2026-03-15,Race,Liam Lawson,LAW,30,Racing Bulls,7.0,,,6.0,computed_from_position,,,,56.0,97.096,1:37.096,12.0
2026,2,2,Chinese Grand Prix,2026-03-15,Race,Isack Hadjar,HAD,6,Red Bull Racing,8.0,,,4.0,computed_from_position,,,,46.0,97.311,1:37.311,13.0
2026,2,2,Chinese Grand Prix,2026-03-15,Race,Carlos Sainz,SAI,55,Williams,9.0,,,2.0,computed_from_position,,,,51.0,97.981,1:37.981,14.0
2026,2,2,Chinese Grand Prix,2026-03-15,Race,Franco Colapinto,COL,43,Alpine,10.0,,,1.0,computed_from_position,,,,35.0,96.783,1:36.783,10.0
2026,2,2,Chinese Grand Prix,2026-03-15,Race,Nico Hulkenberg,HUL,27,Audi,11.0,,,0.0,computed_from_position,,,,38.0,96.18,1:36.180,7.0
2026,2,2,Chinese Grand Prix,2026-03-15,Race,Arvid Lindblad,LIN,41,Racing Bulls,12.0,,,0.0,computed_from_position,,,,46.0,96.099,1:36.099,6.0
2026,2,2,Chinese Grand Prix,2026-03-15,Race,Valtteri Bottas,BOT,77,Cadillac,13.0,,,0.0,computed_from_position,,,,55.0,98.393,1:38.393,15.0
2026,2,2,Chinese Grand Prix,2026-03-15,Race,Esteban Ocon,OCO,31,Haas F1 Team,14.0,,,0.0,computed_from_position,,,,54.0,95.964,1:35.964,3.0
2026,2,2,Chinese Grand Prix,2026-03-15,Race,Sergio Perez,PER,11,Cadillac,15.0,,,0.0,computed_from_position,,,,50.0,98.523,1:38.523,16.0
2026,2,2,Chinese Grand Prix,2026-03-15,Race,Max Verstappen,VER,3,Red Bull Racing,16.0,,,0.0,computed_from_position,,,,39.0,97.046,1:37.046,11.0
2026,2,2,Chinese Grand Prix,2026-03-15,Race,Fernando Alonso,ALO,14,Aston Martin,17.0,,,0.0,computed_from_position,,,,25.0,99.721,1:39.721,17.0
2026,2,2,Chinese Grand Prix,2026-03-15,Race,Lance Stroll,STR,18,Aston Martin,18.0,,,0.0,computed_from_position,,,,9.0,100.883,1:40.883,18.0
2026,2,2,Chinese Grand Prix,2026-03-15,Race,Lando Norris,NOR,1,McLaren,19.0,,,0.0,computed_from_position,,,,,,,
2026,2,2,Chinese Grand Prix,2026-03-15,Race,Alexander Albon,ALB,23,Williams,20.0,,,0.0,computed_from_position,,,,,,,
2026,2,2,Chinese Grand Prix,2026-03-15,Race,Gabriel Bortoleto,BOR,5,Audi,21.0,,,0.0,computed_from_position,,,,,,,
2026,2,2,Chinese Grand Prix,2026-03-15,Race,Oscar Piastri,PIA,81,McLaren,22.0,,,0.0,computed_from_position,,,,,,,
2026,3,3,Japanese Grand Prix,2026-03-29,Race,Kimi Antonelli,ANT,12,Mercedes,1.0,,,25.0,computed_from_position,,,,49.0,92.432,1:32.432,1.0
2026,3,3,Japanese Grand Prix,2026-03-29,Race,Oscar Piastri,PIA,81,McLaren,2.0,,,18.0,computed_from_position,,,,49.0,92.996,1:32.996,5.0
2026,3,3,Japanese Grand Prix,2026-03-29,Race,Charles Leclerc,LEC,16,Ferrari,3.0,,,15.0,computed_from_position,,,,53.0,92.634,1:32.634,3.0
2026,3,3,Japanese Grand Prix,2026-03-29,Race,George Russell,RUS,63,Mercedes,4.0,,,12.0,computed_from_position,,,,53.0,92.549,1:32.549,2.0
2026,3,3,Japanese Grand Prix,2026-03-29,Race,Lando Norris,NOR,1,McLaren,5.0,,,10.0,computed_from_position,,,,52.0,93.208,1:33.208,6.0
2026,3,3,Japanese Grand Prix,2026-03-29,Race,Lewis Hamilton,HAM,44,Ferrari,6.0,,,8.0,computed_from_position,,,,48.0,92.777,1:32.777,4.0
2026,3,3,Japanese Grand Prix,2026-03-29,Race,Pierre Gasly,GAS,10,Alpine,7.0,,,6.0,computed_from_position,,,,39.0,93.691,1:33.691,9.0
2026,3,3,Japanese Grand Prix,2026-03-29,Race,Max Verstappen,VER,3,Red Bull Racing,8.0,,,4.0,computed_from_position,,,,41.0,93.552,1:33.552,8.0
2026,3,3,Japanese Grand Prix,2026-03-29,Race,Liam Lawson,LAW,30,Racing Bulls,9.0,,,2.0,computed_from_position,,,,53.0,94.23,1:34.230,13.0
2026,3,3,Japanese Grand Prix,2026-03-29,Race,Esteban Ocon,OCO,31,Haas F1 Team,10.0,,,1.0,computed_from_position,,,,53.0,94.256,1:34.256,14.0
2026,3,3,Japanese Grand Prix,2026-03-29,Race,Nico Hulkenberg,HUL,27,Audi,11.0,,,0.0,computed_from_position,,,,47.0,93.732,1:33.732,10.0
2026,3,3,Japanese Grand Prix,2026-03-29,Race,Isack Hadjar,HAD,6,Red Bull Racing,12.0,,,0.0,computed_from_position,,,,53.0,93.837,1:33.837,11.0
2026,3,3,Japanese Grand Prix,2026-03-29,Race,Gabriel Bortoleto,BOR,5,Audi,13.0,,,0.0,computed_from_position,,,,40.0,94.164,1:34.164,12.0
2026,3,3,Japanese Grand Prix,2026-03-29,Race,Arvid Lindblad,LIN,41,Racing Bulls,14.0,,,0.0,computed_from_position,,,,53.0,94.314,1:34.314,15.0
2026,3,3,Japanese Grand Prix,2026-03-29,Race,Carlos Sainz,SAI,55,Williams,15.0,,,0.0,computed_from_position,,,,38.0,94.514,1:34.514,17.0
2026,3,3,Japanese Grand Prix,2026-03-29,Race,Franco Colapinto,COL,43,Alpine,16.0,,,0.0,computed_from_position,,,,41.0,94.512,1:34.512,16.0
2026,3,3,Japanese Grand Prix,2026-03-29,Race,Sergio Perez,PER,11,Cadillac,17.0,,,0.0,computed_from_position,,,,53.0,95.637,1:35.637,19.0
2026,3,3,Japanese Grand Prix,2026-03-29,Race,Fernando Alonso,ALO,14,Aston Martin,18.0,,,0.0,computed_from_position,,,,47.0,96.221,1:36.221,20.0
2026,3,3,Japanese Grand Prix,2026-03-29,Race,Valtteri Bottas,BOT,77,Cadillac,19.0,,,0.0,computed_from_position,,,,52.0,96.269,1:36.269,21.0
2026,3,3,Japanese Grand Prix,2026-03-29,Race,Alexander Albon,ALB,23,Williams,20.0,,,0.0,computed_from_position,,,,51.0,93.427,1:33.427,7.0
2026,3,3,Japanese Grand Prix,2026-03-29,Race,Lance Stroll,STR,18,Aston Martin,21.0,,,0.0,computed_from_position,,,,29.0,97.217,1:37.217,22.0
2026,3,3,Japanese Grand Prix,2026-03-29,Race,Oliver Bearman,BEA,87,Haas F1 Team,22.0,,,0.0,computed_from_position,,,,20.0,95.604,1:35.604,18.0
2026,4,4,Miami Grand Prix,2026-05-03,Race,Kimi Antonelli,ANT,12,Mercedes,1.0,,,25.0,computed_from_position,,,,34.0,91.968,1:31.968,3.0
2026,4,4,Miami Grand Prix,2026-05-03,Race,Lando Norris,NOR,1,McLaren,2.0,,,18.0,computed_from_position,,,,35.0,91.869,1:31.869,1.0
2026,4,4,Miami Grand Prix,2026-05-03,Race,Oscar Piastri,PIA,81,McLaren,3.0,,,15.0,computed_from_position,,,,30.0,91.949,1:31.949,2.0
2026,4,4,Miami Grand Prix,2026-05-03,Race,George Russell,RUS,63,Mercedes,4.0,,,12.0,computed_from_position,,,,53.0,92.446,1:32.446,4.0
2026,4,4,Miami Grand Prix,2026-05-03,Race,Max Verstappen,VER,3,Red Bull Racing,5.0,,,10.0,computed_from_position,,,,24.0,93.11,1:33.110,9.0
2026,4,4,Miami Grand Prix,2026-05-03,Race,Charles Leclerc,LEC,16,Ferrari,6.0,,,8.0,computed_from_position,,,,44.0,92.515,1:32.515,5.0
2026,4,4,Miami Grand Prix,2026-05-03,Race,Lewis Hamilton,HAM,44,Ferrari,7.0,,,6.0,computed_from_position,,,,29.0,92.676,1:32.676,6.0
2026,4,4,Miami Grand Prix,2026-05-03,Race,Franco Colapinto,COL,43,Alpine,8.0,,,4.0,computed_from_position,,,,33.0,93.035,1:33.035,8.0
2026,4,4,Miami Grand Prix,2026-05-03,Race,Carlos Sainz,SAI,55,Williams,9.0,,,2.0,computed_from_position,,,,30.0,93.026,1:33.026,7.0
2026,4,4,Miami Grand Prix,2026-05-03,Race,Alexander Albon,ALB,23,Williams,10.0,,,1.0,computed_from_position,,,,30.0,93.784,1:33.784,14.0
2026,4,4,Miami Grand Prix,2026-05-03,Race,Oliver Bearman,BEA,87,Haas F1 Team,11.0,,,0.0,computed_from_position,,,,28.0,93.744,1:33.744,13.0
2026,4,4,Miami Grand Prix,2026-05-03,Race,Gabriel Bortoleto,BOR,5,Audi,12.0,,,0.0,computed_from_position,,,,55.0,93.5,1:33.500,10.0
2026,4,4,Miami Grand Prix,2026-05-03,Race,Esteban Ocon,OCO,31,Haas F1 Team,13.0,,,0.0,computed_from_position,,,,33.0,93.712,1:33.712,12.0
2026,4,4,Miami Grand Prix,2026-05-03,Race,Arvid Lindblad,LIN,41,Racing Bulls,14.0,,,0.0,computed_from_position,,,,30.0,94.058,1:34.058,15.0
2026,4,4,Miami Grand Prix,2026-05-03,Race,Fernando Alonso,ALO,14,Aston Martin,15.0,,,0.0,computed_from_position,,,,44.0,93.512,1:33.512,11.0
2026,4,4,Miami Grand Prix,2026-05-03,Race,Sergio Perez,PER,11,Cadillac,16.0,,,0.0,computed_from_position,,,,31.0,94.895,1:34.895,21.0
2026,4,4,Miami Grand Prix,2026-05-03,Race,Lance Stroll,STR,18,Aston Martin,17.0,,,0.0,computed_from_position,,,,56.0,94.716,1:34.716,17.0
2026,4,4,Miami Grand Prix,2026-05-03,Race,Valtteri Bottas,BOT,77,Cadillac,18.0,,,0.0,computed_from_position,,,,16.0,96.08,1:36.080,22.0
2026,4,4,Miami Grand Prix,2026-05-03,Race,Nico Hulkenberg,HUL,27,Audi,19.0,,,0.0,computed_from_position,,,,4.0,94.523,1:34.523,16.0
2026,4,4,Miami Grand Prix,2026-05-03,Race,Liam Lawson,LAW,30,Racing Bulls,20.0,,,0.0,computed_from_position,,,,3.0,94.814,1:34.814,18.0
2026,4,4,Miami Grand Prix,2026-05-03,Race,Pierre Gasly,GAS,10,Alpine,21.0,,,0.0,computed_from_position,,,,4.0,94.856,1:34.856,20.0
2026,4,4,Miami Grand Prix,2026-05-03,Race,Isack Hadjar,HAD,6,Red Bull Racing,22.0,,,0.0,computed_from_position,,,,4.0,94.833,1:34.833,19.0
2026,5,5,Canadian Grand Prix,2026-05-24,Race,Kimi Antonelli,ANT,12,Mercedes,1.0,,,25.0,computed_from_position,,,,68.0,74.21,1:14.210,1.0
2026,5,5,Canadian Grand Prix,2026-05-24,Race,Lewis Hamilton,HAM,44,Ferrari,2.0,,,18.0,computed_from_position,,,,61.0,74.573,1:14.573,3.0
2026,5,5,Canadian Grand Prix,2026-05-24,Race,Max Verstappen,VER,3,Red Bull Racing,3.0,,,15.0,computed_from_position,,,,68.0,74.398,1:14.398,2.0
2026,5,5,Canadian Grand Prix,2026-05-24,Race,Charles Leclerc,LEC,16,Ferrari,4.0,,,12.0,computed_from_position,,,,37.0,75.297,1:15.297,5.0
2026,5,5,Canadian Grand Prix,2026-05-24,Race,Isack Hadjar,HAD,6,Red Bull Racing,5.0,,,10.0,computed_from_position,,,,67.0,74.578,1:14.578,4.0
2026,5,5,Canadian Grand Prix,2026-05-24,Race,Franco Colapinto,COL,43,Alpine,6.0,,,8.0,computed_from_position,,,,67.0,75.462,1:15.462,8.0
2026,5,5,Canadian Grand Prix,2026-05-24,Race,Liam Lawson,LAW,30,Racing Bulls,7.0,,,6.0,computed_from_position,,,,59.0,75.604,1:15.604,10.0
2026,5,5,Canadian Grand Prix,2026-05-24,Race,Pierre Gasly,GAS,10,Alpine,8.0,,,4.0,computed_from_position,,,,67.0,75.39,1:15.390,6.0
2026,5,5,Canadian Grand Prix,2026-05-24,Race,Carlos Sainz,SAI,55,Williams,9.0,,,2.0,computed_from_position,,,,65.0,75.852,1:15.852,12.0
2026,5,5,Canadian Grand Prix,2026-05-24,Race,Oliver Bearman,BEA,87,Haas F1 Team,10.0,,,1.0,computed_from_position,,,,64.0,76.002,1:16.002,13.0
2026,5,5,Canadian Grand Prix,2026-05-24,Race,Oscar Piastri,PIA,81,McLaren,11.0,,,0.0,computed_from_position,,,,61.0,75.456,1:15.456,7.0
2026,5,5,Canadian Grand Prix,2026-05-24,Race,Nico Hulkenberg,HUL,27,Audi,12.0,,,0.0,computed_from_position,,,,57.0,76.275,1:16.275,15.0
2026,5,5,Canadian Grand Prix,2026-05-24,Race,Gabriel Bortoleto,BOR,5,Audi,13.0,,,0.0,computed_from_position,,,,50.0,76.221,1:16.221,14.0
2026,5,5,Canadian Grand Prix,2026-05-24,Race,Esteban Ocon,OCO,31,Haas F1 Team,14.0,,,0.0,computed_from_position,,,,64.0,76.577,1:16.577,16.0
2026,5,5,Canadian Grand Prix,2026-05-24,Race,Lance Stroll,STR,18,Aston Martin,15.0,,,0.0,computed_from_position,,,,39.0,78.721,1:18.721,20.0
2026,5,5,Canadian Grand Prix,2026-05-24,Race,Valtteri Bottas,BOT,77,Cadillac,16.0,,,0.0,computed_from_position,,,,59.0,77.725,1:17.725,19.0
2026,5,5,Canadian Grand Prix,2026-05-24,Race,Sergio Perez,PER,11,Cadillac,17.0,,,0.0,computed_from_position,,,,37.0,76.915,1:16.915,17.0
2026,5,5,Canadian Grand Prix,2026-05-24,Race,Lando Norris,NOR,1,McLaren,18.0,,,0.0,computed_from_position,,,,36.0,75.845,1:15.845,11.0
2026,5,5,Canadian Grand Prix,2026-05-24,Race,George Russell,RUS,63,Mercedes,19.0,,,0.0,computed_from_position,,,,16.0,75.477,1:15.477,9.0
2026,5,5,Canadian Grand Prix,2026-05-24,Race,Fernando Alonso,ALO,14,Aston Martin,20.0,,,0.0,computed_from_position,,,,10.0,79.635,1:19.635,21.0
2026,5,5,Canadian Grand Prix,2026-05-24,Race,Alexander Albon,ALB,23,Williams,21.0,,,0.0,computed_from_position,,,,11.0,77.221,1:17.221,18.0
2026,5,5,Canadian Grand Prix,2026-05-24,Race,Arvid Lindblad,LIN,41,Racing Bulls,22.0,,,0.0,computed_from_position,,,,,,,
2026,6,6,Monaco Grand Prix,2026-06-07,Race,Kimi Antonelli,ANT,12,Mercedes,1.0,,,25.0,computed_from_position,,,,76.0,73.481,1:13.481,1.0
2026,6,6,Monaco Grand Prix,2026-06-07,Race,Lewis Hamilton,HAM,44,Ferrari,2.0,,,18.0,computed_from_position,,,,74.0,74.643,1:14.643,2.0
2026,6,6,Monaco Grand Prix,2026-06-07,Race,Pierre Gasly,GAS,10,Alpine,3.0,,,15.0,computed_from_position,,,,77.0,75.497,1:15.497,3.0
2026,6,6,Monaco Grand Prix,2026-06-07,Race,Isack Hadjar,HAD,6,Red Bull Racing,4.0,,,12.0,computed_from_position,,,,77.0,75.669,1:15.669,4.0
2026,6,6,Monaco Grand Prix,2026-06-07,Race,Oscar Piastri,PIA,81,McLaren,5.0,,,10.0,computed_from_position,,,,76.0,75.816,1:15.816,7.0
2026,6,6,Monaco Grand Prix,2026-06-07,Race,Liam Lawson,LAW,30,Racing Bulls,6.0,,,8.0,computed_from_position,,,,76.0,75.754,1:15.754,5.0
2026,6,6,Monaco Grand Prix,2026-06-07,Race,Arvid Lindblad,LIN,41,Racing Bulls,7.0,,,6.0,computed_from_position,,,,76.0,75.908,1:15.908,8.0
2026,6,6,Monaco Grand Prix,2026-06-07,Race,Alexander Albon,ALB,23,Williams,8.0,,,4.0,computed_from_position,,,,78.0,76.393,1:16.393,12.0
2026,6,6,Monaco Grand Prix,2026-06-07,Race,Nico Hulkenberg,HUL,27,Audi,9.0,,,2.0,computed_from_position,,,,15.0,76.332,1:16.332,11.0
2026,6,6,Monaco Grand Prix,2026-06-07,Race,Esteban Ocon,OCO,31,Haas F1 Team,10.0,,,1.0,computed_from_position,,,,77.0,76.914,1:16.914,15.0
2026,6,6,Monaco Grand Prix,2026-06-07,Race,Sergio Perez,PER,11,Cadillac,11.0,,,0.0,computed_from_position,,,,78.0,76.891,1:16.891,14.0
2026,6,6,Monaco Grand Prix,2026-06-07,Race,Fernando Alonso,ALO,14,Aston Martin,12.0,,,0.0,computed_from_position,,,,77.0,77.12,1:17.120,16.0
2026,6,6,Monaco Grand Prix,2026-06-07,Race,Gabriel Bortoleto,BOR,5,Audi,13.0,,,0.0,computed_from_position,,,,46.0,76.803,1:16.803,13.0
2026,6,6,Monaco Grand Prix,2026-06-07,Race,George Russell,RUS,63,Mercedes,14.0,,,0.0,computed_from_position,,,,56.0,75.773,1:15.773,6.0
2026,6,6,Monaco Grand Prix,2026-06-07,Race,Franco Colapinto,COL,43,Alpine,15.0,,,0.0,computed_from_position,,,,74.0,76.316,1:16.316,10.0
2026,6,6,Monaco Grand Prix,2026-06-07,Race,Carlos Sainz,SAI,55,Williams,16.0,,,0.0,computed_from_position,,,,51.0,78.022,1:18.022,18.0
2026,6,6,Monaco Grand Prix,2026-06-07,Race,Charles Leclerc,LEC,16,Ferrari,17.0,,,0.0,computed_from_position,,,,53.0,75.964,1:15.964,9.0
2026,6,6,Monaco Grand Prix,2026-06-07,Race,Lance Stroll,STR,18,Aston Martin,18.0,,,0.0,computed_from_position,,,,36.0,78.845,1:18.845,20.0
2026,6,6,Monaco Grand Prix,2026-06-07,Race,Lando Norris,NOR,1,McLaren,19.0,,,0.0,computed_from_position,,,,34.0,77.67,1:17.670,17.0
2026,6,6,Monaco Grand Prix,2026-06-07,Race,Oliver Bearman,BEA,87,Haas F1 Team,20.0,,,0.0,computed_from_position,,,,22.0,78.475,1:18.475,19.0
2026,6,6,Monaco Grand Prix,2026-06-07,Race,Valtteri Bottas,BOT,77,Cadillac,21.0,,,0.0,computed_from_position,,,,8.0,80.494,1:20.494,21.0
2026,6,6,Monaco Grand Prix,2026-06-07,Race,Max Verstappen,VER,3,Red Bull Racing,22.0,,,0.0,computed_from_position,,,,,,,
2026,7,7,Barcelona Grand Prix,2026-06-14,Race,Lewis Hamilton,HAM,44,Ferrari,1.0,,,25.0,computed_from_position,,,,44.0,80.122,1:20.122,1.0
2026,7,7,Barcelona Grand Prix,2026-06-14,Race,George Russell,RUS,63,Mercedes,2.0,,,18.0,computed_from_position,,,,43.0,80.64,1:20.640,6.0
2026,7,7,Barcelona Grand Prix,2026-06-14,Race,Lando Norris,NOR,1,McLaren,3.0,,,15.0,computed_from_position,,,,37.0,80.232,1:20.232,4.0
2026,7,7,Barcelona Grand Prix,2026-06-14,Race,Max Verstappen,VER,3,Red Bull Racing,4.0,,,12.0,computed_from_position,,,,42.0,80.23,1:20.230,3.0
2026,7,7,Barcelona Grand Prix,2026-06-14,Race,Oscar Piastri,PIA,81,McLaren,5.0,,,10.0,computed_from_position,,,,46.0,80.835,1:20.835,8.0
2026,7,7,Barcelona Grand Prix,2026-06-14,Race,Isack Hadjar,HAD,6,Red Bull Racing,6.0,,,8.0,computed_from_position,,,,60.0,80.15,1:20.150,2.0
2026,7,7,Barcelona Grand Prix,2026-06-14,Race,Pierre Gasly,GAS,10,Alpine,7.0,,,6.0,computed_from_position,,,,42.0,81.708,1:21.708,11.0
2026,7,7,Barcelona Grand Prix,2026-06-14,Race,Franco Colapinto,COL,43,Alpine,8.0,,,4.0,computed_from_position,,,,43.0,82.449,1:22.449,16.0
2026,7,7,Barcelona Grand Prix,2026-06-14,Race,Liam Lawson,LAW,30,Racing Bulls,9.0,,,2.0,computed_from_position,,,,45.0,82.691,1:22.691,17.0
2026,7,7,Barcelona Grand Prix,2026-06-14,Race,Arvid Lindblad,LIN,41,Racing Bulls,10.0,,,1.0,computed_from_position,,,,45.0,81.914,1:21.914,13.0
2026,7,7,Barcelona Grand Prix,2026-06-14,Race,Gabriel Bortoleto,BOR,5,Audi,11.0,,,0.0,computed_from_position,,,,55.0,81.446,1:21.446,9.0
2026,7,7,Barcelona Grand Prix,2026-06-14,Race,Carlos Sainz,SAI,55,Williams,12.0,,,0.0,computed_from_position,,,,58.0,82.061,1:22.061,14.0
2026,7,7,Barcelona Grand Prix,2026-06-14,Race,Esteban Ocon,OCO,31,Haas F1 Team,13.0,,,0.0,computed_from_position,,,,63.0,81.643,1:21.643,10.0
2026,7,7,Barcelona Grand Prix,2026-06-14,Race,Sergio Perez,PER,11,Cadillac,14.0,,,0.0,computed_from_position,,,,43.0,82.82,1:22.820,18.0
2026,7,7,Barcelona Grand Prix,2026-06-14,Race,Kimi Antonelli,ANT,12,Mercedes,15.0,,,0.0,computed_from_position,,,,46.0,80.704,1:20.704,7.0
2026,7,7,Barcelona Grand Prix,2026-06-14,Race,Charles Leclerc,LEC,16,Ferrari,16.0,,,0.0,computed_from_position,,,,47.0,80.379,1:20.379,5.0
2026,7,7,Barcelona Grand Prix,2026-06-14,Race,Oliver Bearman,BEA,87,Haas F1 Team,17.0,,,0.0,computed_from_position,,,,43.0,82.419,1:22.419,15.0
2026,7,7,Barcelona Grand Prix,2026-06-14,Race,Alexander Albon,ALB,23,Williams,18.0,,,0.0,computed_from_position,,,,54.0,81.744,1:21.744,12.0
2026,7,7,Barcelona Grand Prix,2026-06-14,Race,Fernando Alonso,ALO,14,Aston Martin,19.0,,,0.0,computed_from_position,,,,27.0,85.366,1:25.366,20.0
2026,7,7,Barcelona Grand Prix,2026-06-14,Race,Nico Hulkenberg,HUL,27,Audi,20.0,,,0.0,computed_from_position,,,,2.0,83.447,1:23.447,19.0
2026,7,7,Barcelona Grand Prix,2026-06-14,Race,Valtteri Bottas,BOT,77,Cadillac,21.0,,,0.0,computed_from_position,,,,3.0,85.745,1:25.745,21.0
2026,7,7,Barcelona Grand Prix,2026-06-14,Race,Lance Stroll,STR,18,Aston Martin,22.0,,,0.0,computed_from_position,,,,3.0,85.904,1:25.904,22.0
2026,8,8,Austrian Grand Prix,2026-06-28,Race,George Russell,RUS,63,Mercedes,1.0,,,25.0,computed_from_position,,,,49.0,70.683,1:10.683,6.0
2026,8,8,Austrian Grand Prix,2026-06-28,Race,Max Verstappen,VER,3,Red Bull Racing,2.0,,,18.0,computed_from_position,,,,57.0,70.483,1:10.483,2.0
2026,8,8,Austrian Grand Prix,2026-06-28,Race,Kimi Antonelli,ANT,12,Mercedes,3.0,,,15.0,computed_from_position,,,,59.0,70.374,1:10.374,1.0
2026,8,8,Austrian Grand Prix,2026-06-28,Race,Oscar Piastri,PIA,81,McLaren,4.0,,,12.0,computed_from_position,,,,45.0,70.595,1:10.595,3.0
2026,8,8,Austrian Grand Prix,2026-06-28,Race,Lewis Hamilton,HAM,44,Ferrari,5.0,,,10.0,computed_from_position,,,,45.0,70.946,1:10.946,7.0
2026,8,8,Austrian Grand Prix,2026-06-28,Race,Isack Hadjar,HAD,6,Red Bull Racing,6.0,,,8.0,computed_from_position,,,,42.0,70.947,1:10.947,8.0
2026,8,8,Austrian Grand Prix,2026-06-28,Race,Lando Norris,NOR,1,McLaren,7.0,,,6.0,computed_from_position,,,,55.0,70.652,1:10.652,5.0
2026,8,8,Austrian Grand Prix,2026-06-28,Race,Charles Leclerc,LEC,16,Ferrari,8.0,,,4.0,computed_from_position,,,,67.0,70.606,1:10.606,4.0
2026,8,8,Austrian Grand Prix,2026-06-28,Race,Liam Lawson,LAW,30,Racing Bulls,9.0,,,2.0,computed_from_position,,,,55.0,71.547,1:11.547,10.0
2026,8,8,Austrian Grand Prix,2026-06-28,Race,Arvid Lindblad,LIN,41,Racing Bulls,10.0,,,1.0,computed_from_position,,,,56.0,71.587,1:11.587,11.0
2026,8,8,Austrian Grand Prix,2026-06-28,Race,Gabriel Bortoleto,BOR,5,Audi,11.0,,,0.0,computed_from_position,,,,59.0,71.866,1:11.866,14.0
2026,8,8,Austrian Grand Prix,2026-06-28,Race,Nico Hulkenberg,HUL,27,Audi,12.0,,,0.0,computed_from_position,,,,55.0,71.634,1:11.634,12.0
2026,8,8,Austrian Grand Prix,2026-06-28,Race,Pierre Gasly,GAS,10,Alpine,13.0,,,0.0,computed_from_position,,,,54.0,71.466,1:11.466,9.0
2026,8,8,Austrian Grand Prix,2026-06-28,Race,Oliver Bearman,BEA,87,Haas F1 Team,14.0,,,0.0,computed_from_position,,,,54.0,72.207,1:12.207,15.0
2026,8,8,Austrian Grand Prix,2026-06-28,Race,Franco Colapinto,COL,43,Alpine,15.0,,,0.0,computed_from_position,,,,49.0,71.795,1:11.795,13.0
2026,8,8,Austrian Grand Prix,2026-06-28,Race,Esteban Ocon,OCO,31,Haas F1 Team,16.0,,,0.0,computed_from_position,,,,37.0,72.979,1:12.979,17.0
2026,8,8,Austrian Grand Prix,2026-06-28,Race,Alexander Albon,ALB,23,Williams,17.0,,,0.0,computed_from_position,,,,43.0,73.137,1:13.137,18.0
2026,8,8,Austrian Grand Prix,2026-06-28,Race,Fernando Alonso,ALO,14,Aston Martin,18.0,,,0.0,computed_from_position,,,,52.0,72.501,1:12.501,16.0
2026,8,8,Austrian Grand Prix,2026-06-28,Race,Lance Stroll,STR,18,Aston Martin,19.0,,,0.0,computed_from_position,,,,30.0,73.796,1:13.796,20.0
2026,8,8,Austrian Grand Prix,2026-06-28,Race,Carlos Sainz,SAI,55,Williams,20.0,,,0.0,computed_from_position,,,,22.0,73.694,1:13.694,19.0
2026,8,8,Austrian Grand Prix,2026-06-28,Race,Sergio Perez,PER,11,Cadillac,21.0,,,0.0,computed_from_position,,,,3.0,74.448,1:14.448,21.0
2026,8,8,Austrian Grand Prix,2026-06-28,Race,Valtteri Bottas,BOT,77,Cadillac,22.0,,,0.0,computed_from_position,,,,2.0,87.748,1:27.748,22.0
2026,9,9,British Grand Prix,2026-07-05,Race,Charles Leclerc,LEC,16,Ferrari,1.0,,,25.0,computed_from_position,,,,43.0,92.871,1:32.871,8.0
2026,9,9,British Grand Prix,2026-07-05,Race,George Russell,RUS,63,Mercedes,2.0,,,18.0,computed_from_position,,,,36.0,92.489,1:32.489,5.0
2026,9,9,British Grand Prix,2026-07-05,Race,Lewis Hamilton,HAM,44,Ferrari,3.0,,,15.0,computed_from_position,,,,25.0,92.309,1:32.309,4.0
2026,9,9,British Grand Prix,2026-07-05,Race,Lando Norris,NOR,1,McLaren,4.0,,,12.0,computed_from_position,,,,45.0,92.625,1:32.625,6.0
2026,9,9,British Grand Prix,2026-07-05,Race,Isack Hadjar,HAD,6,Red Bull Racing,5.0,,,10.0,computed_from_position,,,,40.0,92.268,1:32.268,3.0
2026,9,9,British Grand Prix,2026-07-05,Race,Liam Lawson,LAW,30,Racing Bulls,6.0,,,8.0,computed_from_position,,,,45.0,93.648,1:33.648,12.0
2026,9,9,British Grand Prix,2026-07-05,Race,Arvid Lindblad,LIN,41,Racing Bulls,7.0,,,6.0,computed_from_position,,,,29.0,93.632,1:33.632,11.0
2026,9,9,British Grand Prix,2026-07-05,Race,Gabriel Bortoleto,BOR,5,Audi,8.0,,,4.0,computed_from_position,,,,30.0,93.65,1:33.650,13.0
2026,9,9,British Grand Prix,2026-07-05,Race,Kimi Antonelli,ANT,12,Mercedes,9.0,,,2.0,computed_from_position,,,,37.0,91.777,1:31.777,1.0
2026,9,9,British Grand Prix,2026-07-05,Race,Franco Colapinto,COL,43,Alpine,10.0,,,1.0,computed_from_position,,,,25.0,94.281,1:34.281,16.0
2026,9,9,British Grand Prix,2026-07-05,Race,Pierre Gasly,GAS,10,Alpine,11.0,,,0.0,computed_from_position,,,,44.0,94.179,1:34.179,15.0
2026,9,9,British Grand Prix,2026-07-05,Race,Oscar Piastri,PIA,81,McLaren,12.0,,,0.0,computed_from_position,,,,42.0,92.917,1:32.917,9.0
2026,9,9,British Grand Prix,2026-07-05,Race,Carlos Sainz,SAI,55,Williams,13.0,,,0.0,computed_from_position,,,,51.0,92.734,1:32.734,7.0
2026,9,9,British Grand Prix,2026-07-05,Race,Oliver Bearman,BEA,87,Haas F1 Team,14.0,,,0.0,computed_from_position,,,,31.0,94.455,1:34.455,17.0
2026,9,9,British Grand Prix,2026-07-05,Race,Esteban Ocon,OCO,31,Haas F1 Team,15.0,,,0.0,computed_from_position,,,,43.0,94.792,1:34.792,18.0
2026,9,9,British Grand Prix,2026-07-05,Race,Sergio Perez,PER,11,Cadillac,16.0,,,0.0,computed_from_position,,,,44.0,95.52,1:35.520,19.0
2026,9,9,British Grand Prix,2026-07-05,Race,Valtteri Bottas,BOT,77,Cadillac,17.0,,,0.0,computed_from_position,,,,31.0,95.893,1:35.893,21.0
2026,9,9,British Grand Prix,2026-07-05,Race,Fernando Alonso,ALO,14,Aston Martin,18.0,,,0.0,computed_from_position,,,,50.0,95.827,1:35.827,20.0
2026,9,9,British Grand Prix,2026-07-05,Race,Lance Stroll,STR,18,Aston Martin,19.0,,,0.0,computed_from_position,,,,41.0,97.232,1:37.232,22.0
2026,9,9,British Grand Prix,2026-07-05,Race,Max Verstappen,VER,3,Red Bull Racing,20.0,,,0.0,computed_from_position,,,,40.0,92.101,1:32.101,2.0
2026,9,9,British Grand Prix,2026-07-05,Race,Alexander Albon,ALB,23,Williams,21.0,,,0.0,computed_from_position,,,,42.0,93.867,1:33.867,14.0
2026,9,9,British Grand Prix,2026-07-05,Race,Nico Hulkenberg,HUL,27,Audi,22.0,,,0.0,computed_from_position,,,,36.0,93.433,1:33.433,10.0
2026,10,10,Belgian Grand Prix,2026-07-19,Race,Kimi Antonelli,ANT,12,Mercedes,1.0,,,25.0,computed_from_position,,,,41.0,109.098,1:49.098,2.0
2026,10,10,Belgian Grand Prix,2026-07-19,Race,Charles Leclerc,LEC,16,Ferrari,2.0,,,18.0,computed_from_position,,,,23.0,109.333,1:49.333,4.0
2026,10,10,Belgian Grand Prix,2026-07-19,Race,Max Verstappen,VER,3,Red Bull Racing,3.0,,,15.0,computed_from_position,,,,23.0,109.618,1:49.618,7.0
2026,10,10,Belgian Grand Prix,2026-07-19,Race,Lewis Hamilton,HAM,44,Ferrari,4.0,,,12.0,computed_from_position,,,,33.0,109.454,1:49.454,5.0
2026,10,10,Belgian Grand Prix,2026-07-19,Race,Oscar Piastri,PIA,81,McLaren,5.0,,,10.0,computed_from_position,,,,23.0,109.562,1:49.562,6.0
2026,10,10,Belgian Grand Prix,2026-07-19,Race,Isack Hadjar,HAD,6,Red Bull Racing,6.0,,,8.0,computed_from_position,,,,44.0,109.298,1:49.298,3.0
2026,10,10,Belgian Grand Prix,2026-07-19,Race,Lando Norris,NOR,1,McLaren,7.0,,,6.0,computed_from_position,,,,44.0,108.89,1:48.890,1.0
2026,10,10,Belgian Grand Prix,2026-07-19,Race,Gabriel Bortoleto,BOR,5,Audi,8.0,,,4.0,computed_from_position,,,,22.0,110.334,1:50.334,8.0
2026,10,10,Belgian Grand Prix,2026-07-19,Race,Arvid Lindblad,LIN,41,Racing Bulls,9.0,,,2.0,computed_from_position,,,,23.0,110.536,1:50.536,10.0
2026,10,10,Belgian Grand Prix,2026-07-19,Race,Franco Colapinto,COL,43,Alpine,10.0,,,1.0,computed_from_position,,,,42.0,111.162,1:51.162,14.0
2026,10,10,Belgian Grand Prix,2026-07-19,Race,Pierre Gasly,GAS,10,Alpine,11.0,,,0.0,computed_from_position,,,,39.0,111.101,1:51.101,12.0
2026,10,10,Belgian Grand Prix,2026-07-19,Race,Liam Lawson,LAW,30,Racing Bulls,12.0,,,0.0,computed_from_position,,,,44.0,111.075,1:51.075,11.0
2026,10,10,Belgian Grand Prix,2026-07-19,Race,Nico Hulkenberg,HUL,27,Audi,13.0,,,0.0,computed_from_position,,,,41.0,110.503,1:50.503,9.0
2026,10,10,Belgian Grand Prix,2026-07-19,Race,Oliver Bearman,BEA,87,Haas F1 Team,14.0,,,0.0,computed_from_position,,,,22.0,111.109,1:51.109,13.0
2026,10,10,Belgian Grand Prix,2026-07-19,Race,Alexander Albon,ALB,23,Williams,15.0,,,0.0,computed_from_position,,,,21.0,111.894,1:51.894,16.0
2026,10,10,Belgian Grand Prix,2026-07-19,Race,Carlos Sainz,SAI,55,Williams,16.0,,,0.0,computed_from_position,,,,24.0,111.363,1:51.363,15.0
2026,10,10,Belgian Grand Prix,2026-07-19,Race,Esteban Ocon,OCO,31,Haas F1 Team,17.0,,,0.0,computed_from_position,,,,44.0,111.9,1:51.900,17.0
2026,10,10,Belgian Grand Prix,2026-07-19,Race,Valtteri Bottas,BOT,77,Cadillac,18.0,,,0.0,computed_from_position,,,,35.0,112.011,1:52.011,18.0
2026,10,10,Belgian Grand Prix,2026-07-19,Race,Fernando Alonso,ALO,14,Aston Martin,19.0,,,0.0,computed_from_position,,,,34.0,112.948,1:52.948,19.0
2026,10,10,Belgian Grand Prix,2026-07-19,Race,Lance Stroll,STR,18,Aston Martin,20.0,,,0.0,computed_from_position,,,,21.0,113.98,1:53.980,21.0
2026,10,10,Belgian Grand Prix,2026-07-19,Race,Sergio Perez,PER,11,Cadillac,21.0,,,0.0,computed_from_position,,,,9.0,113.477,1:53.477,20.0
2026,10,10,Belgian Grand Prix,2026-07-19,Race,George Russell,RUS,63,Mercedes,22.0,,,0.0,computed_from_position,,,,,,,
2026,11,11,Hungarian Grand Prix,2026-07-26,Race,Lando Norris,NOR,1,McLaren,1.0,,,25.0,computed_from_position,,,,64.0,82.491,1:22.491,4.0
2026,11,11,Hungarian Grand Prix,2026-07-26,Race,Max Verstappen,VER,3,Red Bull Racing,2.0,,,18.0,computed_from_position,,,,66.0,83.433,1:23.433,8.0
2026,11,11,Hungarian Grand Prix,2026-07-26,Race,Kimi Antonelli,ANT,12,Mercedes,3.0,,,15.0,computed_from_position,,,,58.0,82.415,1:22.415,3.0
2026,11,11,Hungarian Grand Prix,2026-07-26,Race,Lewis Hamilton,HAM,44,Ferrari,4.0,,,12.0,computed_from_position,,,,59.0,82.3,1:22.300,2.0
2026,11,11,Hungarian Grand Prix,2026-07-26,Race,Charles Leclerc,LEC,16,Ferrari,5.0,,,10.0,computed_from_position,,,,58.0,82.0,1:22.000,1.0
2026,11,11,Hungarian Grand Prix,2026-07-26,Race,Isack Hadjar,HAD,6,Red Bull Racing,6.0,,,8.0,computed_from_position,,,,45.0,83.218,1:23.218,7.0
2026,11,11,Hungarian Grand Prix,2026-07-26,Race,George Russell,RUS,63,Mercedes,7.0,,,6.0,computed_from_position,,,,58.0,82.589,1:22.589,5.0
2026,11,11,Hungarian Grand Prix,2026-07-26,Race,Liam Lawson,LAW,30,Racing Bulls,8.0,,,4.0,computed_from_position,,,,64.0,83.9,1:23.900,11.0
2026,11,11,Hungarian Grand Prix,2026-07-26,Race,Nico Hulkenberg,HUL,27,Audi,9.0,,,2.0,computed_from_position,,,,67.0,83.964,1:23.964,12.0
2026,11,11,Hungarian Grand Prix,2026-07-26,Race,Arvid Lindblad,LIN,41,Racing Bulls,10.0,,,1.0,computed_from_position,,,,47.0,85.931,1:25.931,20.0
2026,11,11,Hungarian Grand Prix,2026-07-26,Race,Gabriel Bortoleto,BOR,5,Audi,11.0,,,0.0,computed_from_position,,,,33.0,84.783,1:24.783,15.0
2026,11,11,Hungarian Grand Prix,2026-07-26,Race,Pierre Gasly,GAS,10,Alpine,12.0,,,0.0,computed_from_position,,,,57.0,82.871,1:22.871,6.0
2026,11,11,Hungarian Grand Prix,2026-07-26,Race,Lance Stroll,STR,18,Aston Martin,13.0,,,0.0,computed_from_position,,,,57.0,84.718,1:24.718,14.0
2026,11,11,Hungarian Grand Prix,2026-07-26,Race,Fernando Alonso,ALO,14,Aston Martin,14.0,,,0.0,computed_from_position,,,,57.0,83.679,1:23.679,9.0
2026,11,11,Hungarian Grand Prix,2026-07-26,Race,Franco Colapinto,COL,43,Alpine,15.0,,,0.0,computed_from_position,,,,40.0,84.624,1:24.624,13.0
2026,11,11,Hungarian Grand Prix,2026-07-26,Race,Esteban Ocon,OCO,31,Haas F1 Team,16.0,,,0.0,computed_from_position,,,,62.0,85.889,1:25.889,19.0
2026,11,11,Hungarian Grand Prix,2026-07-26,Race,Oliver Bearman,BEA,87,Haas F1 Team,17.0,,,0.0,computed_from_position,,,,24.0,85.884,1:25.884,18.0
2026,11,11,Hungarian Grand Prix,2026-07-26,Race,Alexander Albon,ALB,23,Williams,18.0,,,0.0,computed_from_position,,,,57.0,85.403,1:25.403,17.0
2026,11,11,Hungarian Grand Prix,2026-07-26,Race,Carlos Sainz,SAI,55,Williams,19.0,,,0.0,computed_from_position,,,,56.0,84.864,1:24.864,16.0
2026,11,11,Hungarian Grand Prix,2026-07-26,Race,Oscar Piastri,PIA,81,McLaren,20.0,,,0.0,computed_from_position,,,,35.0,83.896,1:23.896,10.0
2026,11,11,Hungarian Grand Prix,2026-07-26,Race,Sergio Perez,PER,11,Cadillac,21.0,,,0.0,computed_from_position,,,,23.0,86.342,1:26.342,21.0
2026,11,11,Hungarian Grand Prix,2026-07-26,Race,Valtteri Bottas,BOT,77,Cadillac,22.0,,,0.0,computed_from_position,,,,4.0,87.959,1:27.959,22.0
2026,12,12,Dutch Grand Prix,2026-08-23,Race,Lando Norris,NOR,1,McLaren,1.0,,,25.0,computed_from_position,,,,49.0,74.321,1:14.321,3.0
2026,12,12,Dutch Grand Prix,2026-08-23,Race,Kimi Antonelli,ANT,12,Mercedes,2.0,,,18.0,computed_from_position,,,,59.0,74.571,1:14.571,5.0
2026,12,12,Dutch Grand Prix,2026-08-23,Race,George Russell,RUS,63,Mercedes,3.0,,,15.0,computed_from_position,,,,46.0,75.393,1:15.393,6.0
2026,12,12,Dutch Grand Prix,2026-08-23,Race,Lewis Hamilton,HAM,44,Ferrari,4.0,,,12.0,computed_from_position,,,,61.0,74.566,1:14.566,4.0
2026,12,12,Dutch Grand Prix,2026-08-23,Race,Charles Leclerc,LEC,16,Ferrari,5.0,,,10.0,computed_from_position,,,,60.0,74.23,1:14.230,1.0
2026,12,12,Dutch Grand Prix,2026-08-23,Race,Oscar Piastri,PIA,81,McLaren,6.0,,,8.0,computed_from_position,,,,61.0,74.303,1:14.303,2.0
2026,12,12,Dutch Grand Prix,2026-08-23,Race,Liam Lawson,LAW,30,Red Bull Racing,7.0,,,6.0,computed_from_position,,,,61.0,75.435,1:15.435,7.0
2026,12,12,Dutch Grand Prix,2026-08-23,Race,Nico Hulkenberg,HUL,27,Audi,8.0,,,4.0,computed_from_position,,,,62.0,76.048,1:16.048,10.0
2026,12,12,Dutch Grand Prix,2026-08-23,Race,Fernando Alonso,ALO,14,Aston Martin,9.0,,,2.0,computed_from_position,,,,59.0,76.946,1:16.946,14.0
2026,12,12,Dutch Grand Prix,2026-08-23,Race,Pierre Gasly,GAS,10,Alpine,10.0,,,1.0,computed_from_position,,,,58.0,76.22,1:16.220,11.0
2026,12,12,Dutch Grand Prix,2026-08-23,Race,Yuki Tsunoda,TSU,22,Racing Bulls,11.0,,,0.0,computed_from_position,,,,49.0,76.639,1:16.639,12.0
2026,12,12,Dutch Grand Prix,2026-08-23,Race,Arvid Lindblad,LIN,41,Racing Bulls,12.0,,,0.0,computed_from_position,,,,60.0,76.653,1:16.653,13.0
2026,12,12,Dutch Grand Prix,2026-08-23,Race,Gabriel Bortoleto,BOR,5,Audi,13.0,,,0.0,computed_from_position,,,,57.0,75.515,1:15.515,8.0
2026,12,12,Dutch Grand Prix,2026-08-23,Race,Franco Colapinto,COL,43,Alpine,14.0,,,0.0,computed_from_position,,,,48.0,75.578,1:15.578,9.0
2026,12,12,Dutch Grand Prix,2026-08-23,Race,Sergio Perez,PER,11,Cadillac,15.0,,,0.0,computed_from_position,,,,57.0,77.149,1:17.149,16.0
2026,12,12,Dutch Grand Prix,2026-08-23,Race,Carlos Sainz,SAI,55,Williams,16.0,,,0.0,computed_from_position,,,,69.0,77.328,1:17.328,17.0
2026,12,12,Dutch Grand Prix,2026-08-23,Race,Alexander Albon,ALB,23,Williams,17.0,,,0.0,computed_from_position,,,,51.0,77.147,1:17.147,15.0
2026,12,12,Dutch Grand Prix,2026-08-23,Race,Valtteri Bottas,BOT,77,Cadillac,18.0,,,0.0,computed_from_position,,,,60.0,77.822,1:17.822,19.0
2026,12,12,Dutch Grand Prix,2026-08-23,Race,Esteban Ocon,OCO,31,Haas F1 Team,19.0,,,0.0,computed_from_position,,,,48.0,77.588,1:17.588,18.0
2026,12,12,Dutch Grand Prix,2026-08-23,Race,Lance Stroll,STR,18,Aston Martin,20.0,,,0.0,computed_from_position,,,,37.0,77.883,1:17.883,20.0
2026,12,12,Dutch Grand Prix,2026-08-23,Race,Oliver Bearman,BEA,87,Haas F1 Team,21.0,,,0.0,computed_from_position,,,,,,,
2026,12,12,Dutch Grand Prix,2026-08-23,Race,Max Verstappen,VER,3,Red Bull Racing,22.0,,,0.0,computed_from_position,,,,,,,
2026,13,13,Italian Grand Prix,2026-09-06,Race,Kimi Antonelli,ANT,12,Mercedes,1.0,,,25.0,computed_from_position,,,,53.0,83.504,1:23.504,1.0
2026,13,13,Italian Grand Prix,2026-09-06,Race,George Russell,RUS,63,Mercedes,2.0,,,18.0,computed_from_position,,,,51.0,84.39,1:24.390,4.0
2026,13,13,Italian Grand Prix,2026-09-06,Race,Max Verstappen,VER,3,Red Bull Racing,3.0,,,15.0,computed_from_position,,,,37.0,84.242,1:24.242,2.0
2026,13,13,Italian Grand Prix,2026-09-06,Race,Lando Norris,NOR,1,McLaren,4.0,,,12.0,computed_from_position,,,,48.0,84.864,1:24.864,5.0
2026,13,13,Italian Grand Prix,2026-09-06,Race,Oscar Piastri,PIA,81,McLaren,5.0,,,10.0,computed_from_position,,,,45.0,85.125,1:25.125,8.0
2026,13,13,Italian Grand Prix,2026-09-06,Race,Lewis Hamilton,HAM,44,Ferrari,6.0,,,8.0,computed_from_position,,,,23.0,85.3,1:25.300,9.0
2026,13,13,Italian Grand Prix,2026-09-06,Race,Pierre Gasly,GAS,10,Alpine,7.0,,,6.0,computed_from_position,,,,53.0,84.927,1:24.927,6.0
2026,13,13,Italian Grand Prix,2026-09-06,Race,Arvid Lindblad,LIN,41,Racing Bulls,8.0,,,4.0,computed_from_position,,,,47.0,86.028,1:26.028,14.0
2026,13,13,Italian Grand Prix,2026-09-06,Race,Franco Colapinto,COL,43,Alpine,9.0,,,2.0,computed_from_position,,,,53.0,84.933,1:24.933,7.0
2026,13,13,Italian Grand Prix,2026-09-06,Race,Yuki Tsunoda,TSU,22,Racing Bulls,10.0,,,1.0,computed_from_position,,,,42.0,86.32,1:26.320,16.0
2026,13,13,Italian Grand Prix,2026-09-06,Race,Gabriel Bortoleto,BOR,5,Audi,11.0,,,0.0,computed_from_position,,,,31.0,86.188,1:26.188,15.0
2026,13,13,Italian Grand Prix,2026-09-06,Race,Nico Hulkenberg,HUL,27,Audi,12.0,,,0.0,computed_from_position,,,,53.0,84.364,1:24.364,3.0
2026,13,13,Italian Grand Prix,2026-09-06,Race,Carlos Sainz,SAI,55,Williams,13.0,,,0.0,computed_from_position,,,,46.0,85.683,1:25.683,12.0
2026,13,13,Italian Grand Prix,2026-09-06,Race,Liam Lawson,LAW,30,Red Bull Racing,14.0,,,0.0,computed_from_position,,,,53.0,85.578,1:25.578,11.0
2026,13,13,Italian Grand Prix,2026-09-06,Race,Oliver Bearman,BEA,87,Haas F1 Team,15.0,,,0.0,computed_from_position,,,,31.0,86.356,1:26.356,17.0
2026,13,13,Italian Grand Prix,2026-09-06,Race,Esteban Ocon,OCO,31,Haas F1 Team,16.0,,,0.0,computed_from_position,,,,52.0,85.711,1:25.711,13.0
2026,13,13,Italian Grand Prix,2026-09-06,Race,Alexander Albon,ALB,23,Williams,17.0,,,0.0,computed_from_position,,,,52.0,85.341,1:25.341,10.0
2026,13,13,Italian Grand Prix,2026-09-06,Race,Sergio Perez,PER,11,Cadillac,18.0,,,0.0,computed_from_position,,,,51.0,86.914,1:26.914,18.0
2026,13,13,Italian Grand Prix,2026-09-06,Race,Valtteri Bottas,BOT,77,Cadillac,19.0,,,0.0,computed_from_position,,,,51.0,87.325,1:27.325,19.0
2026,13,13,Italian Grand Prix,2026-09-06,Race,Lance Stroll,STR,18,Aston Martin,20.0,,,0.0,computed_from_position,,,,11.0,88.415,1:28.415,21.0
2026,13,13,Italian Grand Prix,2026-09-06,Race,Fernando Alonso,ALO,14,Aston Martin,21.0,,,0.0,computed_from_position,,,,8.0,87.961,1:27.961,20.0
2026,13,13,Italian Grand Prix,2026-09-06,Race,Charles Leclerc,LEC,16,Ferrari,22.0,,,0.0,computed_from_position,,,,,,,
2026,14,14,Spanish Grand Prix,2026-09-13,Race,Kimi Antonelli,ANT,12,Mercedes,1.0,,,25.0,computed_from_position,,,,57.0,96.03,1:36.030,2.0
2026,14,14,Spanish Grand Prix,2026-09-13,Race,Max Verstappen,VER,3,Red Bull Racing,2.0,,,18.0,computed_from_position,,,,52.0,96.76,1:36.760,5.0
2026,14,14,Spanish Grand Prix,2026-09-13,Race,Lando Norris,NOR,1,McLaren,3.0,,,15.0,computed_from_position,,,,52.0,96.68,1:36.680,4.0
2026,14,14,Spanish Grand Prix,2026-09-13,Race,Charles Leclerc,LEC,16,Ferrari,4.0,,,12.0,computed_from_position,,,,50.0,96.063,1:36.063,3.0
2026,14,14,Spanish Grand Prix,2026-09-13,Race,George Russell,RUS,63,Mercedes,5.0,,,10.0,computed_from_position,,,,49.0,95.587,1:35.587,1.0
2026,14,14,Spanish Grand Prix,2026-09-13,Race,Liam Lawson,LAW,30,Red Bull Racing,6.0,,,8.0,computed_from_position,,,,49.0,96.846,1:36.846,6.0
2026,14,14,Spanish Grand Prix,2026-09-13,Race,Franco Colapinto,COL,43,Alpine,7.0,,,6.0,computed_from_position,,,,52.0,97.321,1:37.321,9.0
2026,14,14,Spanish Grand Prix,2026-09-13,Race,Oscar Piastri,PIA,81,McLaren,8.0,,,4.0,computed_from_position,,,,48.0,97.226,1:37.226,7.0
2026,14,14,Spanish Grand Prix,2026-09-13,Race,Arvid Lindblad,LIN,41,Racing Bulls,9.0,,,2.0,computed_from_position,,,,40.0,98.211,1:38.211,14.0
2026,14,14,Spanish Grand Prix,2026-09-13,Race,Nico Hulkenberg,HUL,27,Audi,10.0,,,1.0,computed_from_position,,,,50.0,98.114,1:38.114,11.0
2026,14,14,Spanish Grand Prix,2026-09-13,Race,Esteban Ocon,OCO,31,Haas F1 Team,11.0,,,0.0,computed_from_position,,,,49.0,98.119,1:38.119,12.0
2026,14,14,Spanish Grand Prix,2026-09-13,Race,Pierre Gasly,GAS,10,Alpine,12.0,,,0.0,computed_from_position,,,,36.0,98.141,1:38.141,13.0
2026,14,14,Spanish Grand Prix,2026-09-13,Race,Gabriel Bortoleto,BOR,5,Audi,13.0,,,0.0,computed_from_position,,,,50.0,97.837,1:37.837,10.0
2026,14,14,Spanish Grand Prix,2026-09-13,Race,Yuki Tsunoda,TSU,22,Racing Bulls,14.0,,,0.0,computed_from_position,,,,54.0,98.396,1:38.396,15.0
2026,14,14,Spanish Grand Prix,2026-09-13,Race,Alexander Albon,ALB,23,Williams,15.0,,,0.0,computed_from_position,,,,47.0,99.397,1:39.397,18.0
2026,14,14,Spanish Grand Prix,2026-09-13,Race,Oliver Bearman,BEA,87,Haas F1 Team,16.0,,,0.0,computed_from_position,,,,45.0,97.308,1:37.308,8.0
2026,14,14,Spanish Grand Prix,2026-09-13,Race,Fernando Alonso,ALO,14,Aston Martin,17.0,,,0.0,computed_from_position,,,,40.0,99.003,1:39.003,16.0
2026,14,14,Spanish Grand Prix,2026-09-13,Race,Valtteri Bottas,BOT,77,Cadillac,18.0,,,0.0,computed_from_position,,,,45.0,99.13,1:39.130,17.0
2026,14,14,Spanish Grand Prix,2026-09-13,Race,Carlos Sainz,SAI,55,Williams,19.0,,,0.0,computed_from_position,,,,36.0,100.195,1:40.195,20.0
2026,14,14,Spanish Grand Prix,2026-09-13,Race,Sergio Perez,PER,11,Cadillac,20.0,,,0.0,computed_from_position,,,,16.0,101.116,1:41.116,21.0
2026,14,14,Spanish Grand Prix,2026-09-13,Race,Lance Stroll,STR,18,Aston Martin,21.0,,,0.0,computed_from_position,,,,11.0,103.462,1:43.462,22.0
2026,14,14,Spanish Grand Prix,2026-09-13,Race,Lewis Hamilton,HAM,44,Ferrari,22.0,,,0.0,computed_from_position,,,,3.0,99.839,1:39.839,19.0
