X,Y,Point,RaceName,SourceYear
1098.827808615808,-577.2981915752497,0,Azerbaijan Grand Prix,2025
1119.0,-569.0,1,Azerbaijan Grand Prix,2025
1257.0,-512.0,2,Azerbaijan Grand Prix,2025
1322.852445886901,-484.65012882877556,3,Azerbaijan Grand Prix,2025
1655.0,-346.0,4,Azerbaijan Grand Prix,2025
1749.2831341595586,-306.35028574074613,5,Azerbaijan Grand Prix,2025
1915.0,-236.0,6,Azerbaijan Grand Prix,2025
2037.0322908129824,-184.59257366930538,7,Azerbaijan Grand Prix,2025
2089.0,-163.0,8,Azerbaijan Grand Prix,2025
2123.0,-149.0,9,Azerbaijan Grand Prix,2025
2280.348987594001,-83.34585422756062,10,Azerbaijan Grand Prix,2025
2332.0,-62.0,11,Azerbaijan Grand Prix,2025
2523.0,16.0,12,Azerbaijan Grand Prix,2025
2626.5386708668857,60.554628362939674,13,Azerbaijan Grand Prix,2025
2709.0,97.0,14,Azerbaijan Grand Prix,2025
2820.7574245516703,146.98032986047164,15,Azerbaijan Grand Prix,2025
2864.0,166.0,16,Azerbaijan Grand Prix,2025
2947.0,201.0,17,Azerbaijan Grand Prix,2025
3025.2142672262044,231.3311702463216,18,Azerbaijan Grand Prix,2025
3228.0,304.0,19,Azerbaijan Grand Prix,2025
3294.7064735704557,327.495592551674,20,Azerbaijan Grand Prix,2025
3373.0,358.0,21,Azerbaijan Grand Prix,2025
3411.29044435313,375.55894874056906,22,Azerbaijan Grand Prix,2025
3466.0,403.0,23,Azerbaijan Grand Prix,2025
3501.0,423.0,24,Azerbaijan Grand Prix,2025
3514.604419088582,431.656185677377,25,Azerbaijan Grand Prix,2025
3586.0,488.0,26,Azerbaijan Grand Prix,2025
3635.0,541.0,27,Azerbaijan Grand Prix,2025
3644.0222222401503,552.2631033438372,28,Azerbaijan Grand Prix,2025
3668.0,586.0,29,Azerbaijan Grand Prix,2025
3698.7541485451034,648.0990694737562,30,Azerbaijan Grand Prix,2025
3701.0,654.0,31,Azerbaijan Grand Prix,2025
3711.0,685.0,32,Azerbaijan Grand Prix,2025
3724.386509056466,765.115732915732,33,Azerbaijan Grand Prix,2025
3725.0,778.0,34,Azerbaijan Grand Prix,2025
3721.0,847.0,35,Azerbaijan Grand Prix,2025
3718.511056750054,861.8433206053412,36,Azerbaijan Grand Prix,2025
3709.0,905.0,37,Azerbaijan Grand Prix,2025
3705.5603128499097,918.9485247993681,38,Azerbaijan Grand Prix,2025
3679.0,1001.0,39,Azerbaijan Grand Prix,2025
3653.619697337051,1061.9271270033291,40,Azerbaijan Grand Prix,2025
3622.0,1134.0,41,Azerbaijan Grand Prix,2025
3598.3315232768464,1185.8042631667654,42,Azerbaijan Grand Prix,2025
3576.245499095271,1232.4921011055271,43,Azerbaijan Grand Prix,2025
3568.0,1251.0,44,Azerbaijan Grand Prix,2025
3507.4145069447095,1389.8360269851596,45,Azerbaijan Grand Prix,2025
3488.0,1435.0,46,Azerbaijan Grand Prix,2025
3470.5264758136855,1476.6992281703785,47,Azerbaijan Grand Prix,2025
3456.0,1513.0,48,Azerbaijan Grand Prix,2025
3443.6556233101915,1543.1114640354351,49,Azerbaijan Grand Prix,2025
3387.0,1678.0,50,Azerbaijan Grand Prix,2025
3373.332815242364,1709.8513660694693,51,Azerbaijan Grand Prix,2025
3313.0,1849.0,52,Azerbaijan Grand Prix,2025
3307.322874814859,1861.968577102757,53,Azerbaijan Grand Prix,2025
3261.82607075238,1962.6964410815465,54,Azerbaijan Grand Prix,2025
3258.0,1971.0,55,Azerbaijan Grand Prix,2025
3164.0,2176.0,56,Azerbaijan Grand Prix,2025
3163.7334484934454,2176.591990805141,57,Azerbaijan Grand Prix,2025
3115.3479430201555,2285.8717822188673,58,Azerbaijan Grand Prix,2025
3096.0,2330.0,59,Azerbaijan Grand Prix,2025
3064.1269042798644,2402.660008618949,60,Azerbaijan Grand Prix,2025
3037.0,2464.0,61,Azerbaijan Grand Prix,2025
2982.0,2587.0,62,Azerbaijan Grand Prix,2025
2955.0372083320035,2648.775260685053,63,Azerbaijan Grand Prix,2025
2927.0,2713.0,64,Azerbaijan Grand Prix,2025
2894.510480835834,2786.0578549622405,65,Azerbaijan Grand Prix,2025
2869.0,2843.0,66,Azerbaijan Grand Prix,2025
2833.3929143319906,2922.298107334668,67,Azerbaijan Grand Prix,2025
2806.0,2984.0,68,Azerbaijan Grand Prix,2025
2763.0,3083.0,69,Azerbaijan Grand Prix,2025
2717.5136185918273,3186.743101113057,70,Azerbaijan Grand Prix,2025
2695.0,3237.0,71,Azerbaijan Grand Prix,2025
2682.1613966839227,3265.152904690024,72,Azerbaijan Grand Prix,2025
2652.0,3331.0,73,Azerbaijan Grand Prix,2025
2623.744602024541,3394.3196706854123,74,Azerbaijan Grand Prix,2025
2581.0,3491.0,75,Azerbaijan Grand Prix,2025
2565.1241492734407,3526.2937650496506,76,Azerbaijan Grand Prix,2025
2551.0,3551.0,77,Azerbaijan Grand Prix,2025
2548.219586443326,3555.3942171649906,78,Azerbaijan Grand Prix,2025
2495.0,3631.0,79,Azerbaijan Grand Prix,2025
2494.8042352728376,3631.22771387833,80,Azerbaijan Grand Prix,2025
2455.0,3664.0,81,Azerbaijan Grand Prix,2025
2380.605781028016,3688.4672000654896,82,Azerbaijan Grand Prix,2025
2374.0,3690.0,83,Azerbaijan Grand Prix,2025
2291.0,3686.0,84,Azerbaijan Grand Prix,2025
2290.5219700463686,3685.9051683069433,85,Azerbaijan Grand Prix,2025
2238.0,3675.0,86,Azerbaijan Grand Prix,2025
2196.1240149087057,3663.34144084266,87,Azerbaijan Grand Prix,2025
2110.0,3636.0,88,Azerbaijan Grand Prix,2025
2097.624726828886,3631.917583730135,89,Azerbaijan Grand Prix,2025
2063.550233949463,3619.7252506739974,90,Azerbaijan Grand Prix,2025
2036.0,3609.0,91,Azerbaijan Grand Prix,2025
2019.2858588766953,3602.5359111442185,92,Azerbaijan Grand Prix,2025
1956.0,3578.0,93,Azerbaijan Grand Prix,2025
1948.4629545604207,3575.046156456253,94,Azerbaijan Grand Prix,2025
1855.0,3538.0,95,Azerbaijan Grand Prix,2025
1774.3260771634552,3505.841817481658,96,Azerbaijan Grand Prix,2025
1734.0,3490.0,97,Azerbaijan Grand Prix,2025
1688.4050314140331,3472.771088544939,98,Azerbaijan Grand Prix,2025
1639.0,3455.0,99,Azerbaijan Grand Prix,2025
1622.5325371394172,3448.9955151695476,100,Azerbaijan Grand Prix,2025
1557.0,3425.0,101,Azerbaijan Grand Prix,2025
1520.6997755323844,3411.763550619842,102,Azerbaijan Grand Prix,2025
1370.0,3357.0,103,Azerbaijan Grand Prix,2025
1350.1782693985738,3349.792082216645,104,Azerbaijan Grand Prix,2025
1202.0,3295.0,105,Azerbaijan Grand Prix,2025
1201.2451814308556,3294.7171950762686,106,Azerbaijan Grand Prix,2025
989.0,3215.0,107,Azerbaijan Grand Prix,2025
938.3644526989021,3195.919652554527,108,Azerbaijan Grand Prix,2025
896.0,3180.0,109,Azerbaijan Grand Prix,2025
866.4620846796867,3168.9764821993626,110,Azerbaijan Grand Prix,2025
751.0,3126.0,111,Azerbaijan Grand Prix,2025
737.6165079554343,3121.0306513243477,112,Azerbaijan Grand Prix,2025
603.0,3071.0,113,Azerbaijan Grand Prix,2025
564.792144567287,3056.640573792618,114,Azerbaijan Grand Prix,2025
437.0,3009.0,115,Azerbaijan Grand Prix,2025
436.35223255057446,3008.766380673531,116,Azerbaijan Grand Prix,2025
398.0,2995.0,117,Azerbaijan Grand Prix,2025
201.0,2920.0,118,Azerbaijan Grand Prix,2025
176.19544430414734,2910.590485301496,119,Azerbaijan Grand Prix,2025
43.020021119933666,2860.7654089629004,120,Azerbaijan Grand Prix,2025
25.0,2854.0,121,Azerbaijan Grand Prix,2025
-222.0,2761.0,122,Azerbaijan Grand Prix,2025
-290.4167404218125,2735.447187186505,123,Azerbaijan Grand Prix,2025
-349.0,2714.0,124,Azerbaijan Grand Prix,2025
-372.3261823725446,2705.3395037853284,125,Azerbaijan Grand Prix,2025
-477.0,2666.0,126,Azerbaijan Grand Prix,2025
-567.3073616801173,2631.127301908769,127,Azerbaijan Grand Prix,2025
-765.0,2553.0,128,Azerbaijan Grand Prix,2025
-851.8523435216637,2517.8617600043117,129,Azerbaijan Grand Prix,2025
-931.6328135574126,2484.6284376091653,130,Azerbaijan Grand Prix,2025
-969.0,2469.0,131,Azerbaijan Grand Prix,2025
-1057.0,2432.0,132,Azerbaijan Grand Prix,2025
-1103.2252418040737,2412.163899453435,133,Azerbaijan Grand Prix,2025
-1263.0,2342.0,134,Azerbaijan Grand Prix,2025
-1278.2422731390727,2335.3187010273505,135,Azerbaijan Grand Prix,2025
-1412.0,2277.0,136,Azerbaijan Grand Prix,2025
-1535.3909904716797,2223.5753172541913,137,Azerbaijan Grand Prix,2025
-1669.0,2166.0,138,Azerbaijan Grand Prix,2025
-1723.0978554337191,2142.8060952405417,139,Azerbaijan Grand Prix,2025
-1881.8197117877394,2074.8337090162154,140,Azerbaijan Grand Prix,2025
-1916.0,2060.0,141,Azerbaijan Grand Prix,2025
-2118.0,1972.0,142,Azerbaijan Grand Prix,2025
-2198.958256168947,1937.0815176476754,143,Azerbaijan Grand Prix,2025
-2274.0,1905.0,144,Azerbaijan Grand Prix,2025
-2435.05197125586,1835.5855045568628,145,Azerbaijan Grand Prix,2025
-2557.0,1783.0,146,Azerbaijan Grand Prix,2025
-2731.9490224263654,1707.7431833272306,147,Azerbaijan Grand Prix,2025
-2764.0,1694.0,148,Azerbaijan Grand Prix,2025
-2953.3799687580486,1613.0062376120009,149,Azerbaijan Grand Prix,2025
-2988.0,1598.0,150,Azerbaijan Grand Prix,2025
-3280.316289172447,1470.1980288339398,151,Azerbaijan Grand Prix,2025
-3324.0,1451.0,152,Azerbaijan Grand Prix,2025
-3631.0,1315.0,153,Azerbaijan Grand Prix,2025
-3642.5795219185375,1309.851356529776,154,Azerbaijan Grand Prix,2025
-3777.0,1250.0,155,Azerbaijan Grand Prix,2025
-3848.554559715486,1218.035945147789,156,Azerbaijan Grand Prix,2025
-4039.0,1133.0,157,Azerbaijan Grand Prix,2025
-4056.754939466301,1125.092771012534,158,Azerbaijan Grand Prix,2025
-4219.0,1053.0,159,Azerbaijan Grand Prix,2025
-4334.0,1002.0,160,Azerbaijan Grand Prix,2025
-4353.163454853967,993.5143687428449,161,Azerbaijan Grand Prix,2025
-4596.0,886.0,162,Azerbaijan Grand Prix,2025
-4704.289421471203,837.7076197363208,163,Azerbaijan Grand Prix,2025
-4848.957571573986,772.7058712183841,164,Azerbaijan Grand Prix,2025
-4902.0,749.0,165,Azerbaijan Grand Prix,2025
-5004.0,704.0,166,Azerbaijan Grand Prix,2025
-5004.489903237162,703.7831110804209,167,Azerbaijan Grand Prix,2025
-5129.1562519000945,648.2593774429167,168,Azerbaijan Grand Prix,2025
-5198.0,617.0,169,Azerbaijan Grand Prix,2025
-5317.880298105191,561.2258619278504,170,Azerbaijan Grand Prix,2025
-5346.0,548.0,171,Azerbaijan Grand Prix,2025
-5381.08044958185,531.3288483804341,172,Azerbaijan Grand Prix,2025
-5403.0,519.0,173,Azerbaijan Grand Prix,2025
-5443.749606739438,494.29231661651073,174,Azerbaijan Grand Prix,2025
-5474.0,474.0,175,Azerbaijan Grand Prix,2025
-5525.544662026749,429.45801127001164,176,Azerbaijan Grand Prix,2025
-5544.0,408.0,177,Azerbaijan Grand Prix,2025
-5560.81301277961,384.43160822168176,178,Azerbaijan Grand Prix,2025
-5569.0,370.0,179,Azerbaijan Grand Prix,2025
-5586.0,312.0,180,Azerbaijan Grand Prix,2025
-5586.03022787416,311.7172557197578,181,Azerbaijan Grand Prix,2025
-5587.0,283.0,182,Azerbaijan Grand Prix,2025
-5579.1397899249805,229.66013140432622,183,Azerbaijan Grand Prix,2025
-5567.0,188.0,184,Azerbaijan Grand Prix,2025
-5546.0,133.0,185,Azerbaijan Grand Prix,2025
-5545.8699577459665,132.69324588696531,186,Azerbaijan Grand Prix,2025
-5523.212839896814,83.2587061398109,187,Azerbaijan Grand Prix,2025
-5505.0,47.0,188,Azerbaijan Grand Prix,2025
-5476.0,-8.0,189,Azerbaijan Grand Prix,2025
-5472.667768984213,-14.441093214372476,190,Azerbaijan Grand Prix,2025
-5439.0,-81.0,191,Azerbaijan Grand Prix,2025
-5419.623141492518,-119.11765637672633,192,Azerbaijan Grand Prix,2025
-5408.0,-145.0,193,Azerbaijan Grand Prix,2025
-5348.0,-298.0,194,Azerbaijan Grand Prix,2025
-5344.230222474083,-308.02292802083025,195,Azerbaijan Grand Prix,2025
-5321.0,-379.0,196,Azerbaijan Grand Prix,2025
-5306.956529371678,-425.7269397066661,197,Azerbaijan Grand Prix,2025
-5298.0,-455.0,198,Azerbaijan Grand Prix,2025
-5276.236430235318,-523.6739582027642,199,Azerbaijan Grand Prix,2025
-5256.0,-583.0,200,Azerbaijan Grand Prix,2025
-5222.103408886029,-674.7082514865908,201,Azerbaijan Grand Prix,2025
-5183.0,-773.0,202,Azerbaijan Grand Prix,2025
-5170.612324437798,-802.2921252669333,203,Azerbaijan Grand Prix,2025
-5131.0,-890.0,204,Azerbaijan Grand Prix,2025
-5100.6866441948505,-955.0055321145453,205,Azerbaijan Grand Prix,2025
-5081.0,-997.0,206,Azerbaijan Grand Prix,2025
-5025.24608509141,-1116.1283408074016,207,Azerbaijan Grand Prix,2025
-5005.0,-1160.0,208,Azerbaijan Grand Prix,2025
-4970.199614234823,-1236.1747709838303,209,Azerbaijan Grand Prix,2025
-4946.0,-1290.0,210,Azerbaijan Grand Prix,2025
-4935.900543380527,-1313.10705515764,211,Azerbaijan Grand Prix,2025
-4918.0,-1359.0,212,Azerbaijan Grand Prix,2025
-4913.679888577185,-1370.8069284576168,213,Azerbaijan Grand Prix,2025
-4883.30785685249,-1456.3452778969163,214,Azerbaijan Grand Prix,2025
-4879.0,-1469.0,215,Azerbaijan Grand Prix,2025
-4864.489063535333,-1515.5866042235737,216,Azerbaijan Grand Prix,2025
-4860.0,-1537.0,217,Azerbaijan Grand Prix,2025
-4852.985795443688,-1583.9351052998547,218,Azerbaijan Grand Prix,2025
-4848.0,-1628.0,219,Azerbaijan Grand Prix,2025
-4845.918218060029,-1663.0854133417051,220,Azerbaijan Grand Prix,2025
-4850.076160382818,-1680.1861412900798,221,Azerbaijan Grand Prix,2025
-4853.0,-1690.0,222,Azerbaijan Grand Prix,2025
-4870.665106730322,-1742.7652404141156,223,Azerbaijan Grand Prix,2025
-4875.0,-1752.0,224,Azerbaijan Grand Prix,2025
-4890.877911579241,-1777.879063501651,225,Azerbaijan Grand Prix,2025
-4903.0,-1793.0,226,Azerbaijan Grand Prix,2025
-4931.5483704231265,-1820.4125404491856,227,Azerbaijan Grand Prix,2025
-4951.0,-1836.0,228,Azerbaijan Grand Prix,2025
-4985.0,-1860.0,229,Azerbaijan Grand Prix,2025
-4989.795417456071,-1862.9349150726996,230,Azerbaijan Grand Prix,2025
-5013.0,-1876.0,231,Azerbaijan Grand Prix,2025
-5044.471145352277,-1892.519852134359,232,Azerbaijan Grand Prix,2025
-5111.0,-1923.0,233,Azerbaijan Grand Prix,2025
-5144.817921276526,-1937.3395549373886,234,Azerbaijan Grand Prix,2025
-5195.0,-1958.0,235,Azerbaijan Grand Prix,2025
-5245.255604905353,-1976.9188345718592,236,Azerbaijan Grand Prix,2025
-5276.0,-1988.0,237,Azerbaijan Grand Prix,2025
-5333.0,-2009.0,238,Azerbaijan Grand Prix,2025
-5376.116210276482,-2024.0474834267527,239,Azerbaijan Grand Prix,2025
-5415.0,-2038.0,240,Azerbaijan Grand Prix,2025
-5522.10917658273,-2080.2496132484725,241,Azerbaijan Grand Prix,2025
-5577.0,-2103.0,242,Azerbaijan Grand Prix,2025
-5646.577057829955,-2133.3194737216704,243,Azerbaijan Grand Prix,2025
-5733.0,-2172.0,244,Azerbaijan Grand Prix,2025
-5747.317282416281,-2178.3636751105096,245,Azerbaijan Grand Prix,2025
-5880.0,-2237.0,246,Azerbaijan Grand Prix,2025
-5952.6657335352575,-2267.624459413592,247,Azerbaijan Grand Prix,2025
-5973.0,-2276.0,248,Azerbaijan Grand Prix,2025
-6114.261325728155,-2334.9370554660104,249,Azerbaijan Grand Prix,2025
-6124.0,-2339.0,250,Azerbaijan Grand Prix,2025
-6217.871690325947,-2378.7765134901006,251,Azerbaijan Grand Prix,2025
-6257.0,-2397.0,252,Azerbaijan Grand Prix,2025
-6418.0699467066415,-2477.0491011935865,253,Azerbaijan Grand Prix,2025
-6459.0,-2498.0,254,Azerbaijan Grand Prix,2025
-6503.785409556617,-2521.63652936979,255,Azerbaijan Grand Prix,2025
-6550.0,-2549.0,256,Azerbaijan Grand Prix,2025
-6559.388284589665,-2554.518246217788,257,Azerbaijan Grand Prix,2025
-6686.0,-2629.0,258,Azerbaijan Grand Prix,2025
-6744.772781894182,-2664.588516097169,259,Azerbaijan Grand Prix,2025
-6801.0,-2699.0,260,Azerbaijan Grand Prix,2025
-6858.477574107411,-2734.095790567476,261,Azerbaijan Grand Prix,2025
-6971.478193597573,-2802.312735259962,262,Azerbaijan Grand Prix,2025
-6993.0,-2815.0,263,Azerbaijan Grand Prix,2025
-7112.0,-2883.0,264,Azerbaijan Grand Prix,2025
-7189.012060929362,-2924.977120036358,265,Azerbaijan Grand Prix,2025
-7241.0,-2953.0,266,Azerbaijan Grand Prix,2025
-7344.981544770944,-3009.6525163098595,267,Azerbaijan Grand Prix,2025
-7379.0,-3029.0,268,Azerbaijan Grand Prix,2025
-7412.438093578153,-3048.6815352397903,269,Azerbaijan Grand Prix,2025
-7445.0,-3069.0,270,Azerbaijan Grand Prix,2025
-7515.172535167915,-3117.5818300297215,271,Azerbaijan Grand Prix,2025
-7566.0,-3156.0,272,Azerbaijan Grand Prix,2025
-7611.403161318584,-3196.397924691138,273,Azerbaijan Grand Prix,2025
-7615.0,-3200.0,274,Azerbaijan Grand Prix,2025
-7688.0,-3288.0,275,Azerbaijan Grand Prix,2025
-7696.736182058578,-3302.8442831080492,276,Azerbaijan Grand Prix,2025
-7736.0,-3391.0,277,Azerbaijan Grand Prix,2025
-7741.588270215554,-3413.3415376137527,278,Azerbaijan Grand Prix,2025
-7744.347383325189,-3464.779442819534,279,Azerbaijan Grand Prix,2025
-7743.0,-3496.0,280,Azerbaijan Grand Prix,2025
-7742.53041807624,-3509.504093060196,281,Azerbaijan Grand Prix,2025
-7734.0,-3539.0,282,Azerbaijan Grand Prix,2025
-7722.458546295703,-3567.0129600039736,283,Azerbaijan Grand Prix,2025
-7686.0,-3650.0,284,Azerbaijan Grand Prix,2025
-7666.513854421867,-3689.497512514749,285,Azerbaijan Grand Prix,2025
-7657.0,-3708.0,286,Azerbaijan Grand Prix,2025
-7647.948634044626,-3726.4397953556204,287,Azerbaijan Grand Prix,2025
-7631.0,-3764.0,288,Azerbaijan Grand Prix,2025
-7625.270532252825,-3779.213307247327,289,Azerbaijan Grand Prix,2025
-7613.0,-3822.0,290,Azerbaijan Grand Prix,2025
-7611.934110486694,-3826.63643577021,291,Azerbaijan Grand Prix,2025
-7607.0,-3865.0,292,Azerbaijan Grand Prix,2025
-7614.82453326497,-3913.062108996779,293,Azerbaijan Grand Prix,2025
-7623.0,-3940.0,294,Azerbaijan Grand Prix,2025
-7635.844798797922,-3967.656657128253,295,Azerbaijan Grand Prix,2025
-7653.955045959779,-3989.4096852139332,296,Azerbaijan Grand Prix,2025
-7666.0,-4002.0,297,Azerbaijan Grand Prix,2025
-7706.0,-4040.0,298,Azerbaijan Grand Prix,2025
-7715.429431502228,-4047.915058062671,299,Azerbaijan Grand Prix,2025
-7748.0,-4073.0,300,Azerbaijan Grand Prix,2025
-7763.060943273009,-4083.945860091629,301,Azerbaijan Grand Prix,2025
-7798.0,-4108.0,302,Azerbaijan Grand Prix,2025
-7837.352415074341,-4133.192136983778,303,Azerbaijan Grand Prix,2025
-7866.0,-4151.0,304,Azerbaijan Grand Prix,2025
-7909.045820367406,-4177.553505293609,305,Azerbaijan Grand Prix,2025
-7954.0,-4205.0,306,Azerbaijan Grand Prix,2025
-7990.707584603444,-4227.402396299543,307,Azerbaijan Grand Prix,2025
-7998.0,-4232.0,308,Azerbaijan Grand Prix,2025
-8064.946592126258,-4276.154661680125,309,Azerbaijan Grand Prix,2025
-8091.0,-4294.0,310,Azerbaijan Grand Prix,2025
-8157.1561704140295,-4341.825411624621,311,Azerbaijan Grand Prix,2025
-8164.0,-4347.0,312,Azerbaijan Grand Prix,2025
-8232.0,-4400.0,313,Azerbaijan Grand Prix,2025
-8247.342372937728,-4412.234891751802,314,Azerbaijan Grand Prix,2025
-8334.0,-4482.0,315,Azerbaijan Grand Prix,2025
-8385.386159336245,-4522.642333164336,316,Azerbaijan Grand Prix,2025
-8486.0,-4601.0,317,Azerbaijan Grand Prix,2025
-8539.167898263882,-4641.625864655523,318,Azerbaijan Grand Prix,2025
-8633.833745971926,-4712.821940835411,319,Azerbaijan Grand Prix,2025
-8650.0,-4725.0,320,Azerbaijan Grand Prix,2025
-8746.71236738049,-4798.272463246321,321,Azerbaijan Grand Prix,2025
-8804.0,-4841.0,322,Azerbaijan Grand Prix,2025
-8814.038952013556,-4848.4270925392575,323,Azerbaijan Grand Prix,2025
-8854.0,-4878.0,324,Azerbaijan Grand Prix,2025
-8895.187484350678,-4908.913720154256,325,Azerbaijan Grand Prix,2025
-9017.22685261547,-5002.490480743889,326,Azerbaijan Grand Prix,2025
-9027.0,-5010.0,327,Azerbaijan Grand Prix,2025
-9121.0,-5082.0,328,Azerbaijan Grand Prix,2025
-9186.671904168834,-5131.642234084237,329,Azerbaijan Grand Prix,2025
-9228.0,-5163.0,330,Azerbaijan Grand Prix,2025
-9314.0,-5229.0,331,Azerbaijan Grand Prix,2025
-9345.367886665708,-5252.888541812498,332,Azerbaijan Grand Prix,2025
-9525.0,-5389.0,333,Azerbaijan Grand Prix,2025
-9624.874984957527,-5465.4383428568735,334,Azerbaijan Grand Prix,2025
-9653.0,-5487.0,335,Azerbaijan Grand Prix,2025
-9765.36547038634,-5572.556179932462,336,Azerbaijan Grand Prix,2025
-9811.0,-5607.0,337,Azerbaijan Grand Prix,2025
-9981.778756627147,-5735.102494854334,338,Azerbaijan Grand Prix,2025
-10031.0,-5772.0,339,Azerbaijan Grand Prix,2025
-10097.746564497356,-5822.123390956933,340,Azerbaijan Grand Prix,2025
-10209.899351985663,-5908.172279634083,341,Azerbaijan Grand Prix,2025
-10216.0,-5913.0,342,Azerbaijan Grand Prix,2025
-10333.0,-6007.0,343,Azerbaijan Grand Prix,2025
-10333.342354209512,-6007.276743659566,344,Azerbaijan Grand Prix,2025
-10386.488652242275,-6050.283216471494,345,Azerbaijan Grand Prix,2025
-10411.0,-6070.0,346,Azerbaijan Grand Prix,2025
-10456.724964965035,-6106.293552216145,347,Azerbaijan Grand Prix,2025
-10477.0,-6122.0,348,Azerbaijan Grand Prix,2025
-10518.0,-6152.0,349,Azerbaijan Grand Prix,2025
-10544.97737135096,-6169.559912849686,350,Azerbaijan Grand Prix,2025
-10597.0,-6201.0,351,Azerbaijan Grand Prix,2025
-10617.233784439877,-6211.754041028407,352,Azerbaijan Grand Prix,2025
-10632.0,-6218.0,353,Azerbaijan Grand Prix,2025
-10648.048808848544,-6225.409813760143,354,Azerbaijan Grand Prix,2025
-10691.0,-6237.0,355,Azerbaijan Grand Prix,2025
-10712.340729919119,-6237.557802700255,356,Azerbaijan Grand Prix,2025
-10754.0,-6235.0,357,Azerbaijan Grand Prix,2025
-10790.730962437203,-6225.258735078191,358,Azerbaijan Grand Prix,2025
-10809.0,-6205.0,359,Azerbaijan Grand Prix,2025
-10818.411636415472,-6196.200590503831,360,Azerbaijan Grand Prix,2025
-10831.0,-6184.0,361,Azerbaijan Grand Prix,2025
-10842.349084804919,-6170.955678237655,362,Azerbaijan Grand Prix,2025
-10853.0,-6156.0,363,Azerbaijan Grand Prix,2025
-10902.0,-6067.0,364,Azerbaijan Grand Prix,2025
-10902.1010547814,-6066.79844639912,365,Azerbaijan Grand Prix,2025
-10919.0,-6027.0,366,Azerbaijan Grand Prix,2025
-10930.240411506053,-5996.624291062331,367,Azerbaijan Grand Prix,2025
-10966.0,-5897.0,368,Azerbaijan Grand Prix,2025
-10966.139446899537,-5896.596924300936,369,Azerbaijan Grand Prix,2025
-11000.040704749075,-5793.196364603708,370,Azerbaijan Grand Prix,2025
-11013.0,-5751.0,371,Azerbaijan Grand Prix,2025
-11020.788935429538,-5724.725831592491,372,Azerbaijan Grand Prix,2025
-11041.0,-5655.0,373,Azerbaijan Grand Prix,2025
-11053.244089009724,-5614.261719796379,374,Azerbaijan Grand Prix,2025
-11069.0,-5561.0,375,Azerbaijan Grand Prix,2025
-11092.0,-5479.0,376,Azerbaijan Grand Prix,2025
-11095.285912158024,-5467.559935299509,377,Azerbaijan Grand Prix,2025
-11142.094093075748,-5311.032155427174,378,Azerbaijan Grand Prix,2025
-11147.0,-5295.0,379,Azerbaijan Grand Prix,2025
-11187.504887156587,-5163.685932438545,380,Azerbaijan Grand Prix,2025
-11197.0,-5133.0,381,Azerbaijan Grand Prix,2025
-11222.626813943352,-5050.313368245613,382,Azerbaijan Grand Prix,2025
-11243.0,-4983.0,383,Azerbaijan Grand Prix,2025
-11301.510884628628,-4787.776567099587,384,Azerbaijan Grand Prix,2025
-11305.0,-4776.0,385,Azerbaijan Grand Prix,2025
-11339.077999491106,-4658.354436698739,386,Azerbaijan Grand Prix,2025
-11341.0,-4652.0,387,Azerbaijan Grand Prix,2025
-11364.0,-4577.0,388,Azerbaijan Grand Prix,2025
-11384.60353678976,-4507.385819768372,389,Azerbaijan Grand Prix,2025
-11399.0,-4463.0,390,Azerbaijan Grand Prix,2025
-11419.628999097855,-4411.984730821686,391,Azerbaijan Grand Prix,2025
-11466.126197200496,-4350.534735176543,392,Azerbaijan Grand Prix,2025
-11473.0,-4345.0,393,Azerbaijan Grand Prix,2025
-11495.157673158374,-4331.482830317597,394,Azerbaijan Grand Prix,2025
-11548.0,-4310.0,395,Azerbaijan Grand Prix,2025
-11564.96675172231,-4303.013177772305,396,Azerbaijan Grand Prix,2025
-11706.0,-4246.0,397,Azerbaijan Grand Prix,2025
-11785.457046257625,-4220.256074981504,398,Azerbaijan Grand Prix,2025
-11845.0,-4206.0,399,Azerbaijan Grand Prix,2025
-11886.119127932257,-4198.311068501017,400,Azerbaijan Grand Prix,2025
-11927.0,-4193.0,401,Azerbaijan Grand Prix,2025
-11934.843039672329,-4192.142069021161,402,Azerbaijan Grand Prix,2025
-12048.0,-4182.0,403,Azerbaijan Grand Prix,2025
-12048.683744215365,-4181.944223356063,404,Azerbaijan Grand Prix,2025
-12098.0,-4178.0,405,Azerbaijan Grand Prix,2025
-12198.872412707486,-4168.71053664444,406,Azerbaijan Grand Prix,2025
-12213.0,-4167.0,407,Azerbaijan Grand Prix,2025
-12311.0,-4145.0,408,Azerbaijan Grand Prix,2025
-12320.654541012933,-4141.99720427662,409,Azerbaijan Grand Prix,2025
-12363.0,-4126.0,410,Azerbaijan Grand Prix,2025
-12404.570785896814,-4103.5069096050565,411,Azerbaijan Grand Prix,2025
-12436.0,-4084.0,412,Azerbaijan Grand Prix,2025
-12450.847413671076,-4073.7436239562257,413,Azerbaijan Grand Prix,2025
-12492.602478120496,-4022.9431364137577,414,Azerbaijan Grand Prix,2025
-12495.0,-4019.0,415,Azerbaijan Grand Prix,2025
-12503.0,-4005.0,416,Azerbaijan Grand Prix,2025
-12524.531753101546,-3928.042954154918,417,Azerbaijan Grand Prix,2025
-12532.0,-3882.0,418,Azerbaijan Grand Prix,2025
-12535.100910095105,-3837.233382125245,419,Azerbaijan Grand Prix,2025
-12534.0,-3790.0,420,Azerbaijan Grand Prix,2025
-12534.001154771306,-3789.714483928137,421,Azerbaijan Grand Prix,2025
-12538.247490078205,-3724.442300347173,422,Azerbaijan Grand Prix,2025
-12542.0,-3711.0,423,Azerbaijan Grand Prix,2025
-12561.918620456721,-3669.205713370712,424,Azerbaijan Grand Prix,2025
-12581.0,-3640.0,425,Azerbaijan Grand Prix,2025
-12603.954266624976,-3612.8226939995193,426,Azerbaijan Grand Prix,2025
-12678.055360976363,-3593.014282543249,427,Azerbaijan Grand Prix,2025
-12688.0,-3592.0,428,Azerbaijan Grand Prix,2025
-12788.0,-3585.0,429,Azerbaijan Grand Prix,2025
-12838.327140776562,-3583.867177450362,430,Azerbaijan Grand Prix,2025
-12888.070414683412,-3587.7186482394095,431,Azerbaijan Grand Prix,2025
-12928.0,-3593.0,432,Azerbaijan Grand Prix,2025
-12948.053220735317,-3595.173790667633,433,Azerbaijan Grand Prix,2025
-12980.0,-3599.0,434,Azerbaijan Grand Prix,2025
-13013.196370183623,-3604.062337695824,435,Azerbaijan Grand Prix,2025
-13114.0,-3623.0,436,Azerbaijan Grand Prix,2025
-13148.19020768102,-3631.0089759076427,437,Azerbaijan Grand Prix,2025
-13208.0,-3647.0,438,Azerbaijan Grand Prix,2025
-13260.0,-3663.0,439,Azerbaijan Grand Prix,2025
-13307.233263151222,-3679.5018401538377,440,Azerbaijan Grand Prix,2025
-13403.0,-3717.0,441,Azerbaijan Grand Prix,2025
-13490.273232581498,-3755.0410806642444,442,Azerbaijan Grand Prix,2025
-13525.0,-3771.0,443,Azerbaijan Grand Prix,2025
-13563.520041160598,-3789.0318734930306,444,Azerbaijan Grand Prix,2025
-13643.883637306826,-3826.7057871386305,445,Azerbaijan Grand Prix,2025
-13674.0,-3840.0,446,Azerbaijan Grand Prix,2025
-13695.0,-3849.0,447,Azerbaijan Grand Prix,2025
-13727.543963850014,-3862.9120938526653,448,Azerbaijan Grand Prix,2025
-13833.254647471656,-3907.9109900317485,449,Azerbaijan Grand Prix,2025
-13843.0,-3912.0,450,Azerbaijan Grand Prix,2025
-13954.0,-3958.0,451,Azerbaijan Grand Prix,2025
-13989.11559887154,-3972.5200746748196,452,Azerbaijan Grand Prix,2025
-14045.0,-3996.0,453,Azerbaijan Grand Prix,2025
-14126.16893184537,-4031.9780486060135,454,Azerbaijan Grand Prix,2025
-14239.0,-4087.0,455,Azerbaijan Grand Prix,2025
-14240.132216637776,-4087.5918558511285,456,Azerbaijan Grand Prix,2025
-14273.0,-4105.0,457,Azerbaijan Grand Prix,2025
-14355.56056260663,-4147.973636653494,458,Azerbaijan Grand Prix,2025
-14400.0,-4171.0,459,Azerbaijan Grand Prix,2025
-14564.18638111457,-4256.07389885485,460,Azerbaijan Grand Prix,2025
-14578.0,-4263.0,461,Azerbaijan Grand Prix,2025
-14775.0,-4360.0,462,Azerbaijan Grand Prix,2025
-14867.047303195428,-4405.325917949973,463,Azerbaijan Grand Prix,2025
-14982.511792480336,-4462.903822916225,464,Azerbaijan Grand Prix,2025
-15054.0,-4500.0,465,Azerbaijan Grand Prix,2025
-15123.010116064452,-4537.252509268004,466,Azerbaijan Grand Prix,2025
-15257.0,-4613.0,467,Azerbaijan Grand Prix,2025
-15269.640784869332,-4620.248306503834,468,Azerbaijan Grand Prix,2025
-15372.706779157608,-4679.8177092900605,469,Azerbaijan Grand Prix,2025
-15385.0,-4687.0,470,Azerbaijan Grand Prix,2025
-15436.0,-4717.0,471,Azerbaijan Grand Prix,2025
-15473.315315217767,-4739.166697196981,472,Azerbaijan Grand Prix,2025
-15627.277347973733,-4830.081851816054,473,Azerbaijan Grand Prix,2025
-15643.0,-4839.0,474,Azerbaijan Grand Prix,2025
-15818.891685068606,-4936.321169150193,475,Azerbaijan Grand Prix,2025
-15883.0,-4971.0,476,Azerbaijan Grand Prix,2025
-16005.0,-5037.0,477,Azerbaijan Grand Prix,2025
-16071.884687921976,-5080.197904659983,478,Azerbaijan Grand Prix,2025
-16182.0,-5167.0,479,Azerbaijan Grand Prix,2025
-16213.653787591958,-5200.5357986811605,480,Azerbaijan Grand Prix,2025
-16276.0,-5284.0,481,Azerbaijan Grand Prix,2025
-16315.759127795114,-5350.732833204962,482,Azerbaijan Grand Prix,2025
-16339.0,-5397.0,483,Azerbaijan Grand Prix,2025
-16447.0,-5670.0,484,Azerbaijan Grand Prix,2025
-16447.37408309355,-5671.0632134214175,485,Azerbaijan Grand Prix,2025
-16500.513903466395,-5833.326476828112,486,Azerbaijan Grand Prix,2025
-16547.19634613316,-5998.0682214806975,487,Azerbaijan Grand Prix,2025
-16559.0,-6040.0,488,Azerbaijan Grand Prix,2025
-16569.3200466739,-6076.149284508388,489,Azerbaijan Grand Prix,2025
-16582.0,-6118.0,490,Azerbaijan Grand Prix,2025
-16608.8443295778,-6205.2899855334035,491,Azerbaijan Grand Prix,2025
-16640.0,-6305.0,492,Azerbaijan Grand Prix,2025
-16684.601223929716,-6441.721906150872,493,Azerbaijan Grand Prix,2025
-16721.0,-6554.0,494,Azerbaijan Grand Prix,2025
-16805.0,-6823.0,495,Azerbaijan Grand Prix,2025
-16819.64828209005,-6874.287211965466,496,Azerbaijan Grand Prix,2025
-16858.60129033851,-7033.029243166109,497,Azerbaijan Grand Prix,2025
-16887.0,-7205.0,498,Azerbaijan Grand Prix,2025
-16899.01982236614,-7306.268530167389,499,Azerbaijan Grand Prix,2025
-16907.433935916397,-7459.349413933586,500,Azerbaijan Grand Prix,2025
-16908.0,-7489.0,501,Azerbaijan Grand Prix,2025
-16908.0,-7608.0,502,Azerbaijan Grand Prix,2025
-16902.95987167466,-7727.044774347751,503,Azerbaijan Grand Prix,2025
-16902.0,-7744.0,504,Azerbaijan Grand Prix,2025
-16885.92903340355,-7992.392991890393,505,Azerbaijan Grand Prix,2025
-16882.0,-8050.0,506,Azerbaijan Grand Prix,2025
-16872.76508493918,-8181.912873172763,507,Azerbaijan Grand Prix,2025
-16863.0,-8306.0,508,Azerbaijan Grand Prix,2025
-16860.23503799108,-8339.097010996906,509,Azerbaijan Grand Prix,2025
-16848.3008180147,-8477.342940962295,510,Azerbaijan Grand Prix,2025
-16847.0,-8492.0,511,Azerbaijan Grand Prix,2025
-16835.493597265406,-8628.508668655162,512,Azerbaijan Grand Prix,2025
-16834.0,-8659.0,513,Azerbaijan Grand Prix,2025
-16832.130425375526,-8803.018466905914,514,Azerbaijan Grand Prix,2025
-16833.0,-8866.0,515,Azerbaijan Grand Prix,2025
-16844.125560158867,-9021.529393778232,516,Azerbaijan Grand Prix,2025
-16846.0,-9039.0,517,Azerbaijan Grand Prix,2025
-16852.186875496,-9097.199531399312,518,Azerbaijan Grand Prix,2025
-16854.0,-9116.0,519,Azerbaijan Grand Prix,2025
-16860.0,-9189.0,520,Azerbaijan Grand Prix,2025
-16864.20627672069,-9237.77498836989,521,Azerbaijan Grand Prix,2025
-16866.0,-9263.0,522,Azerbaijan Grand Prix,2025
-16869.846570139503,-9355.357220752912,523,Azerbaijan Grand Prix,2025
-16871.0,-9427.0,524,Azerbaijan Grand Prix,2025
-16871.00037992452,-9427.695513501378,525,Azerbaijan Grand Prix,2025
-16868.514664946855,-9475.487341008113,526,Azerbaijan Grand Prix,2025
-16864.0,-9499.0,527,Azerbaijan Grand Prix,2025
-16847.174786458727,-9555.629703056029,528,Azerbaijan Grand Prix,2025
-16844.0,-9561.0,529,Azerbaijan Grand Prix,2025
-16792.0,-9623.0,530,Azerbaijan Grand Prix,2025
-16766.481803430514,-9641.047126504827,531,Azerbaijan Grand Prix,2025
-16753.0,-9647.0,532,Azerbaijan Grand Prix,2025
-16733.17417768189,-9656.939922134003,533,Azerbaijan Grand Prix,2025
-16715.0,-9666.0,534,Azerbaijan Grand Prix,2025
-16602.86636785913,-9720.287776933934,535,Azerbaijan Grand Prix,2025
-16587.0,-9728.0,536,Azerbaijan Grand Prix,2025
-16552.14521247958,-9745.411222071198,537,Azerbaijan Grand Prix,2025
-16533.0,-9756.0,538,Azerbaijan Grand Prix,2025
-16521.245822127155,-9762.283480821916,539,Azerbaijan Grand Prix,2025
-16476.724630918758,-9785.788020429365,540,Azerbaijan Grand Prix,2025
-16415.0,-9818.0,541,Azerbaijan Grand Prix,2025
-16377.576122190352,-9837.410641958988,542,Azerbaijan Grand Prix,2025
-16330.0,-9862.0,543,Azerbaijan Grand Prix,2025
-16250.702170333763,-9902.737468290943,544,Azerbaijan Grand Prix,2025
-16176.0,-9941.0,545,Azerbaijan Grand Prix,2025
-16161.853905584529,-9948.269705415829,546,Azerbaijan Grand Prix,2025
-16099.70625287011,-9980.157653665694,547,Azerbaijan Grand Prix,2025
-16072.0,-9994.0,548,Azerbaijan Grand Prix,2025
-15922.16582918491,-10067.002868580035,549,Azerbaijan Grand Prix,2025
-15912.0,-10072.0,550,Azerbaijan Grand Prix,2025
-15781.0,-10137.0,551,Azerbaijan Grand Prix,2025
-15779.923800035105,-10137.536681582433,552,Azerbaijan Grand Prix,2025
-15690.015720445128,-10182.573438751448,553,Azerbaijan Grand Prix,2025
-15603.0,-10228.0,554,Azerbaijan Grand Prix,2025
-15589.677540866971,-10235.104059212228,555,Azerbaijan Grand Prix,2025
-15452.0,-10310.0,556,Azerbaijan Grand Prix,2025
-15366.04091184421,-10358.636872890504,557,Azerbaijan Grand Prix,2025
-15205.0,-10453.0,558,Azerbaijan Grand Prix,2025
-15175.561096955247,-10470.47979077531,559,Azerbaijan Grand Prix,2025
-15116.892796050348,-10505.76641511226,560,Azerbaijan Grand Prix,2025
-15031.0,-10556.0,561,Azerbaijan Grand Prix,2025
-15006.651932896257,-10569.908676458599,562,Azerbaijan Grand Prix,2025
-14971.0,-10590.0,563,Azerbaijan Grand Prix,2025
-14884.35559403735,-10636.766868249106,564,Azerbaijan Grand Prix,2025
-14861.0,-10649.0,565,Azerbaijan Grand Prix,2025
-14790.950402142627,-10684.850200519408,566,Azerbaijan Grand Prix,2025
-14723.0,-10720.0,567,Azerbaijan Grand Prix,2025
-14671.321500586992,-10747.356771030576,568,Azerbaijan Grand Prix,2025
-14427.0,-10880.0,569,Azerbaijan Grand Prix,2025
-14389.10530789009,-10901.187512259427,570,Azerbaijan Grand Prix,2025
-14334.096442321543,-10933.72433388259,571,Azerbaijan Grand Prix,2025
-14284.0,-10964.0,572,Azerbaijan Grand Prix,2025
-14276.387082522931,-10968.432678374134,573,Azerbaijan Grand Prix,2025
-14193.0,-11014.0,574,Azerbaijan Grand Prix,2025
-14180.198067489659,-11020.322417733907,575,Azerbaijan Grand Prix,2025
-14069.72659535101,-11071.356360910642,576,Azerbaijan Grand Prix,2025
-14048.0,-11081.0,577,Azerbaijan Grand Prix,2025
-13995.385415365665,-11102.838665696581,578,Azerbaijan Grand Prix,2025
-13972.93413655767,-11108.189542683249,579,Azerbaijan Grand Prix,2025
-13958.0,-11112.0,580,Azerbaijan Grand Prix,2025
-13894.0,-11128.0,581,Azerbaijan Grand Prix,2025
-13865.288023534751,-11133.20631653355,582,Azerbaijan Grand Prix,2025
-13812.0,-11138.0,583,Azerbaijan Grand Prix,2025
-13722.0,-11130.0,584,Azerbaijan Grand Prix,2025
-13721.702330665266,-11129.934472490248,585,Azerbaijan Grand Prix,2025
-13664.6494307968,-11110.69385387084,586,Azerbaijan Grand Prix,2025
-13659.0,-11108.0,587,Azerbaijan Grand Prix,2025
-13653.0,-11105.0,588,Azerbaijan Grand Prix,2025
-13611.794388886077,-11079.704612505404,589,Azerbaijan Grand Prix,2025
-13579.0,-11050.0,590,Azerbaijan Grand Prix,2025
-13553.452081762063,-11021.225876075507,591,Azerbaijan Grand Prix,2025
-13512.7940894644,-10968.434213358381,592,Azerbaijan Grand Prix,2025
-13501.0,-10952.0,593,Azerbaijan Grand Prix,2025
-13481.62718011302,-10922.154372766961,594,Azerbaijan Grand Prix,2025
-13469.0,-10900.0,595,Azerbaijan Grand Prix,2025
-13423.041037624864,-10814.125580576065,596,Azerbaijan Grand Prix,2025
-13406.0,-10781.0,597,Azerbaijan Grand Prix,2025
-13390.077559562862,-10749.213923831776,598,Azerbaijan Grand Prix,2025
-13364.674679601007,-10697.442215983017,599,Azerbaijan Grand Prix,2025
-13357.0,-10682.0,600,Azerbaijan Grand Prix,2025
-13316.435120267746,-10601.225089314461,601,Azerbaijan Grand Prix,2025
-13279.0,-10527.0,602,Azerbaijan Grand Prix,2025
-13265.859463436442,-10500.83878064099,603,Azerbaijan Grand Prix,2025
-13246.272777740327,-10461.309322838104,604,Azerbaijan Grand Prix,2025
-13228.0,-10424.0,605,Azerbaijan Grand Prix,2025
-13184.446881858381,-10334.832563158765,606,Azerbaijan Grand Prix,2025
-13149.0,-10262.0,607,Azerbaijan Grand Prix,2025
-13113.657159218103,-10188.690675562853,608,Azerbaijan Grand Prix,2025
-13072.599106331065,-10102.61120794248,609,Azerbaijan Grand Prix,2025
-13059.0,-10075.0,610,Azerbaijan Grand Prix,2025
-12952.0,-9865.0,611,Azerbaijan Grand Prix,2025
-12916.013831452845,-9800.112404809559,612,Azerbaijan Grand Prix,2025
-12800.0,-9610.0,613,Azerbaijan Grand Prix,2025
-12795.160463744098,-9602.363401524439,614,Azerbaijan Grand Prix,2025
-12736.0,-9514.0,615,Azerbaijan Grand Prix,2025
-12705.975774640672,-9471.728109603406,616,Azerbaijan Grand Prix,2025
-12594.0,-9320.0,617,Azerbaijan Grand Prix,2025
-12544.694384467273,-9259.30699970048,618,Azerbaijan Grand Prix,2025
-12458.0,-9165.0,619,Azerbaijan Grand Prix,2025
-12448.436274574218,-9155.171583853531,620,Azerbaijan Grand Prix,2025
-12368.37697030618,-9075.569699801628,621,Azerbaijan Grand Prix,2025
-12327.0,-9036.0,622,Azerbaijan Grand Prix,2025
-12242.0,-8958.0,623,Azerbaijan Grand Prix,2025
-12241.457281954481,-8957.517587952056,624,Azerbaijan Grand Prix,2025
-12165.0,-8891.0,625,Azerbaijan Grand Prix,2025
-12131.82723149237,-8862.341437615472,626,Azerbaijan Grand Prix,2025
-12009.0,-8756.0,627,Azerbaijan Grand Prix,2025
-11995.24993274693,-8744.043141319558,628,Azerbaijan Grand Prix,2025
-11841.0,-8609.0,629,Azerbaijan Grand Prix,2025
-11818.502867398918,-8589.003566508249,630,Azerbaijan Grand Prix,2025
-11707.0,-8485.0,631,Azerbaijan Grand Prix,2025
-11666.332424804401,-8443.43511000799,632,Azerbaijan Grand Prix,2025
-11612.0,-8386.0,633,Azerbaijan Grand Prix,2025
-11575.302149396492,-8346.594107234234,634,Azerbaijan Grand Prix,2025
-11441.198894339952,-8201.339277673364,635,Azerbaijan Grand Prix,2025
-11377.0,-8136.0,636,Azerbaijan Grand Prix,2025
-11292.30566048481,-8057.095429145809,637,Azerbaijan Grand Prix,2025
-11202.419131799417,-7977.9187924990065,638,Azerbaijan Grand Prix,2025
-11180.0,-7957.0,639,Azerbaijan Grand Prix,2025
-11071.0,-7845.0,640,Azerbaijan Grand Prix,2025
-11033.018374082356,-7796.869730171538,641,Azerbaijan Grand Prix,2025
-10990.0,-7733.0,642,Azerbaijan Grand Prix,2025
-10935.38744715943,-7633.607725590013,643,Azerbaijan Grand Prix,2025
-10901.0,-7560.0,644,Azerbaijan Grand Prix,2025
-10846.156167649928,-7421.756542453635,645,Azerbaijan Grand Prix,2025
-10841.0,-7407.0,646,Azerbaijan Grand Prix,2025
-10806.15304101811,-7296.154638800547,647,Azerbaijan Grand Prix,2025
-10793.0,-7250.0,648,Azerbaijan Grand Prix,2025
-10756.0,-7107.0,649,Azerbaijan Grand Prix,2025
-10755.640019088101,-7105.464498584837,650,Azerbaijan Grand Prix,2025
-10721.0,-6946.0,651,Azerbaijan Grand Prix,2025
-10710.91090089729,-6901.658589287485,652,Azerbaijan Grand Prix,2025
-10641.832886694263,-6611.980405091806,653,Azerbaijan Grand Prix,2025
-10638.0,-6596.0,654,Azerbaijan Grand Prix,2025
-10615.49138483945,-6501.399150638343,655,Azerbaijan Grand Prix,2025
-10568.0,-6418.0,656,Azerbaijan Grand Prix,2025
-10567.07291167547,-6416.578078823585,657,Azerbaijan Grand Prix,2025
-10419.0,-6206.0,658,Azerbaijan Grand Prix,2025
-10396.673407097322,-6178.6837228181585,659,Azerbaijan Grand Prix,2025
-10283.0,-6078.0,660,Azerbaijan Grand Prix,2025
-10246.127691764676,-6048.709311087825,661,Azerbaijan Grand Prix,2025
-10136.0,-5963.0,662,Azerbaijan Grand Prix,2025
-9904.286947213364,-5798.545250153332,663,Azerbaijan Grand Prix,2025
-9879.0,-5780.0,664,Azerbaijan Grand Prix,2025
-9839.0,-5750.0,665,Azerbaijan Grand Prix,2025
-9750.618649628781,-5682.753713443112,666,Azerbaijan Grand Prix,2025
-9558.0,-5535.0,667,Azerbaijan Grand Prix,2025
-9556.524391579816,-5533.866758759934,668,Azerbaijan Grand Prix,2025
-9416.42823011772,-5425.987069030268,669,Azerbaijan Grand Prix,2025
-9397.0,-5411.0,670,Azerbaijan Grand Prix,2025
-9293.34728558474,-5331.077452546776,671,Azerbaijan Grand Prix,2025
-9208.0,-5266.0,672,Azerbaijan Grand Prix,2025
-9124.55274957177,-5203.346291223805,673,Azerbaijan Grand Prix,2025
-9099.0,-5184.0,674,Azerbaijan Grand Prix,2025
-8963.0,-5079.0,675,Azerbaijan Grand Prix,2025
-8962.104735887935,-5078.312717122458,676,Azerbaijan Grand Prix,2025
-8737.516590152285,-4907.326502045584,677,Azerbaijan Grand Prix,2025
-8675.0,-4860.0,678,Azerbaijan Grand Prix,2025
-8637.397062326198,-4832.00345584479,679,Azerbaijan Grand Prix,2025
-8620.0,-4819.0,680,Azerbaijan Grand Prix,2025
-8529.145989106586,-4750.387925340363,681,Azerbaijan Grand Prix,2025
-8454.0,-4693.0,682,Azerbaijan Grand Prix,2025
-8386.59901797893,-4640.649493400466,683,Azerbaijan Grand Prix,2025
-8262.0,-4544.0,684,Azerbaijan Grand Prix,2025
-8203.906231119357,-4500.0568862292,685,Azerbaijan Grand Prix,2025
-7984.0,-4337.0,686,Azerbaijan Grand Prix,2025
-7948.195815475365,-4311.553630974227,687,Azerbaijan Grand Prix,2025
-7867.0,-4263.0,688,Azerbaijan Grand Prix,2025
-7825.516851913713,-4239.574657490321,689,Azerbaijan Grand Prix,2025
-7728.0,-4186.0,690,Azerbaijan Grand Prix,2025
-7693.436912887714,-4168.095770577407,691,Azerbaijan Grand Prix,2025
-7490.077777377142,-4073.1938130496756,692,Azerbaijan Grand Prix,2025
-7457.0,-4059.0,693,Azerbaijan Grand Prix,2025
-7327.0,-4006.0,694,Azerbaijan Grand Prix,2025
-7326.184377446634,-4005.6761159653033,695,Azerbaijan Grand Prix,2025
-7179.0,-3948.0,696,Azerbaijan Grand Prix,2025
-7096.548815550257,-3915.4811297890383,697,Azerbaijan Grand Prix,2025
-6967.0,-3864.0,698,Azerbaijan Grand Prix,2025
-6966.179592617616,-3863.6739123585817,699,Azerbaijan Grand Prix,2025
-6834.090517342442,-3811.1555712146646,700,Azerbaijan Grand Prix,2025
-6754.0,-3779.0,701,Azerbaijan Grand Prix,2025
-6643.496751932698,-3733.9531647998133,702,Azerbaijan Grand Prix,2025
-6575.0,-3706.0,703,Azerbaijan Grand Prix,2025
-6411.475459634215,-3639.661910519626,704,Azerbaijan Grand Prix,2025
-6395.0,-3633.0,705,Azerbaijan Grand Prix,2025
-6264.157266917731,-3580.326285040208,706,Azerbaijan Grand Prix,2025
-6182.0,-3547.0,707,Azerbaijan Grand Prix,2025
-6115.204880752044,-3519.6338905054918,708,Azerbaijan Grand Prix,2025
-6019.0,-3480.0,709,Azerbaijan Grand Prix,2025
-5840.332288643781,-3406.005204764584,710,Azerbaijan Grand Prix,2025
-5804.0,-3391.0,711,Azerbaijan Grand Prix,2025
-5655.582586201845,-3329.796804730143,712,Azerbaijan Grand Prix,2025
-5569.0,-3294.0,713,Azerbaijan Grand Prix,2025
-5505.509398605663,-3267.5510160453086,714,Azerbaijan Grand Prix,2025
-5405.0,-3225.0,715,Azerbaijan Grand Prix,2025
-5363.6706447573015,-3207.741738512878,716,Azerbaijan Grand Prix,2025
-5227.209841186139,-3151.165365515508,717,Azerbaijan Grand Prix,2025
-5142.0,-3116.0,718,Azerbaijan Grand Prix,2025
-4994.0,-3055.0,719,Azerbaijan Grand Prix,2025
-4992.365632814283,-3054.321147634642,720,Azerbaijan Grand Prix,2025
-4813.0,-2979.0,721,Azerbaijan Grand Prix,2025
-4761.82223803901,-2957.3612887322925,722,Azerbaijan Grand Prix,2025
-4648.0,-2909.0,723,Azerbaijan Grand Prix,2025
-4517.0,-2853.0,724,Azerbaijan Grand Prix,2025
-4499.16204437285,-2845.466738859686,725,Azerbaijan Grand Prix,2025
-4352.0,-2784.0,726,Azerbaijan Grand Prix,2025
-4332.337047674804,-2775.740295521228,727,Azerbaijan Grand Prix,2025
-4104.748268685013,-2679.2967644144846,728,Azerbaijan Grand Prix,2025
-4071.0,-2665.0,729,Azerbaijan Grand Prix,2025
-3822.0,-2560.0,730,Azerbaijan Grand Prix,2025
-3773.622176399451,-2539.5286320637215,731,Azerbaijan Grand Prix,2025
-3605.0,-2468.0,732,Azerbaijan Grand Prix,2025
-3503.714710269294,-2425.0299274899703,733,Azerbaijan Grand Prix,2025
-3421.0,-2390.0,734,Azerbaijan Grand Prix,2025
-3302.04622013209,-2339.7717336687333,735,Azerbaijan Grand Prix,2025
-3286.0,-2333.0,736,Azerbaijan Grand Prix,2025
-3151.0,-2276.0,737,Azerbaijan Grand Prix,2025
-2997.9483798547244,-2211.216325468627,738,Azerbaijan Grand Prix,2025
-2931.0,-2183.0,739,Azerbaijan Grand Prix,2025
-2862.2607318667915,-2154.170179807146,740,Azerbaijan Grand Prix,2025
-2812.0,-2133.0,741,Azerbaijan Grand Prix,2025
-2660.0,-2068.0,742,Azerbaijan Grand Prix,2025
-2597.0260772656957,-2040.9197807929786,743,Azerbaijan Grand Prix,2025
-2473.0,-1988.0,744,Azerbaijan Grand Prix,2025
-2340.4508610594226,-1932.2394981484726,745,Azerbaijan Grand Prix,2025
-2040.0,-1807.0,746,Azerbaijan Grand Prix,2025
-1952.8162547904783,-1772.148307706638,747,Azerbaijan Grand Prix,2025
-1937.0,-1766.0,748,Azerbaijan Grand Prix,2025
-1642.0,-1652.0,749,Azerbaijan Grand Prix,2025
-1612.1370706296007,-1640.8288318461578,750,Azerbaijan Grand Prix,2025
-1345.0,-1542.0,751,Azerbaijan Grand Prix,2025
-1240.8222411375752,-1503.6098653718732,752,Azerbaijan Grand Prix,2025
-1188.0,-1484.0,753,Azerbaijan Grand Prix,2025
-1174.975152341133,-1479.1494841921885,754,Azerbaijan Grand Prix,2025
-926.7647661683257,-1386.197739042848,755,Azerbaijan Grand Prix,2025
-892.0,-1373.0,756,Azerbaijan Grand Prix,2025
-753.0,-1320.0,757,Azerbaijan Grand Prix,2025
-751.2713838298919,-1319.3507722419974,758,Azerbaijan Grand Prix,2025
-596.0,-1262.0,759,Azerbaijan Grand Prix,2025
-541.9587900717175,-1241.917787051147,760,Azerbaijan Grand Prix,2025
-402.719336497832,-1189.8390920034026,761,Azerbaijan Grand Prix,2025
-387.0,-1184.0,762,Azerbaijan Grand Prix,2025
-192.6471244957625,-1111.9552229274339,763,Azerbaijan Grand Prix,2025
-177.0,-1106.0,764,Azerbaijan Grand Prix,2025
-125.0,-1086.0,765,Azerbaijan Grand Prix,2025
-19.18135276633719,-1045.2461899794519,766,Azerbaijan Grand Prix,2025
83.0,-1005.0,767,Azerbaijan Grand Prix,2025
221.0,-948.0,768,Azerbaijan Grand Prix,2025
327.015958223732,-903.0426082446161,769,Azerbaijan Grand Prix,2025
461.9043178956317,-844.9766273135534,770,Azerbaijan Grand Prix,2025
506.0,-826.0,771,Azerbaijan Grand Prix,2025
603.5861446011079,-784.0947915687852,772,Azerbaijan Grand Prix,2025
696.0,-745.0,773,Azerbaijan Grand Prix,2025
888.3326443137415,-664.4646035628525,774,Azerbaijan Grand Prix,2025
911.0,-655.0,775,Azerbaijan Grand Prix,2025
1118.4912281891243,-568.9343220360256,776,Azerbaijan Grand Prix,2025
1127.8805749100209,-565.152096617772,777,Azerbaijan Grand Prix,2025
